YEAR,STATE,STATE_ABV,TOTAL_BALLOTS_COUNTED,VOTE_FOR_HIGHEST_OFFICE,VAP,NONCITIZEN_PCT,INELIGIBLE_PRISON,INELIGIBLE_PROBATION,INELIGIBLE_PAROLE,INELIGIBLE_FELONS_TOTAL,ELIGIBLE_OVERSEAS,VEP,VEP_TURNOUT_RATE,VAP_TURNOUT_RATE
2022,United States,,"112,030,874",,"261,375,801",7.5%,"1,159,791","863,136","340,972","2,517,938","3,129,152","242,383,830",46.22%,42.86%
2022,Alabama,AL,"1,424,087",,"3,970,392",2.3%,"25,328","24,652","8,245","66,284",,"3,812,789",37.35%,35.87%
2022,Alaska,AK,"267,047",,"557,266",3.5%,"4,578","1,268","1,003","7,263",,"530,443",50.34%,47.92%
2022,Arizona,AZ,"2,592,313",,"5,802,769",7.9%,"34,997","37,932","6,887","92,217",,"5,253,874",49.34%,44.67%
2022,Arkansas,AR,"914,227",,"2,353,877",3.6%,"15,850","20,733","25,852","69,213",,"2,198,983",41.58%,38.84%
2022,California,CA,"11,146,610",,"30,534,379",14.6%,"97,328",0,0,"97,328",,"25,988,192",42.89%,36.51%
2022,Colorado,CO,"2,540,666",,"4,639,408",5.8%,"14,990",0,0,"14,990",,"4,353,940",58.35%,54.76%
2022,Connecticut,CT,"1,297,811",,"2,897,642",7.6%,"9,297",0,0,"9,297",,"2,668,414",48.64%,44.79%
2022,Delaware,DE,"325,632",,"814,324",5.1%,"4,653","5,278",373,"12,030",,"760,519",42.82%,39.99%
2022,District of Columbia,DC,"205,774",,"548,172",7.7%,0,0,0,0,,"506,237",40.65%,37.54%
2022,Florida,FL,"7,796,916",,"18,066,773",9.4%,"81,027","93,389","4,280","209,227",,"16,166,496",48.23%,43.16%
2022,Georgia,GA,"3,964,926",,"8,442,784",5.9%,"44,796","177,546","19,447","299,832",,"7,641,451",51.89%,46.96%
2022,Hawaii,HI,"423,443",,"1,141,954",8.2%,"4,097",0,0,"4,097",,"1,044,103",40.56%,37.08%
2022,Idaho,ID,"595,350",,"1,486,327",4.0%,"7,996","14,257","5,967","32,881",,"1,393,993",42.71%,40.06%
2022,Illinois,IL,"4,144,125",,"9,845,624",7.9%,"28,582",0,0,"28,582",,"9,035,299",45.87%,42.09%
2022,Indiana,IN,"1,880,755",,"5,270,771",3.7%,"23,458",0,0,"23,458",,"5,054,930",37.21%,35.68%
2022,Iowa,IA,"1,230,417",,"2,478,135",3.1%,"8,128","12,916","7,261","32,528",,"2,368,289",51.95%,49.65%
2022,Kansas,KS,"1,008,998",,"2,247,751",4.7%,"8,477","8,254","5,428","24,858",,"2,117,923",47.64%,44.89%
2022,Kentucky,KY,"1,502,550",,"3,510,590",2.5%,"18,433","28,839","14,429","71,129",,"3,350,643",44.84%,42.80%
2022,Louisiana,LA,"1,410,466",,"3,520,645",2.9%,"26,851","14,507","21,566","67,667",,"3,351,583",42.08%,40.06%
2022,Maine,ME,"680,909",,"1,140,612",1.9%,0,0,0,0,,"1,118,712",60.87%,59.70%
2022,Maryland,MD,"2,031,635",,"4,817,349",8.1%,14918,0,0,"14,918",,"4,413,671",46.03%,42.17%
2022,Massachusetts,MA,"2,511,461",,"5,646,479",8.9%,"5,993",0,0,"5,993",,"5,136,820",48.89%,44.48%
2022,Michigan,MI,"4,500,400",,"7,930,205",3.3%,"33,246",0,0,"33,246",,"7,637,642",58.92%,56.75%
2022,Minnesota,MN,"2,526,646",,"4,427,863",4.0%,"7,681","44,332","7,359","73,865",,"4,175,998",60.50%,57.06%
2022,Mississippi,MS,"709,100",,"2,260,910",1.4%,"17,569","15,092","10,510","48,106",,"2,181,152",32.51%,31.36%
2022,Missouri,MO,"2,304,250",,"4,817,369",2.3%,"22,890","20,149","20,729","70,356",,"4,637,177",49.69%,47.83%
2022,Montana,MT,"468,326",,"894,266",1.4%,"3,910",0,0,"3,910",,"878,283",53.32%,52.37%
2022,Nebraska,NE,"682,716",,"1,493,472",4.7%,"5,071","5,956",1156,"14,130",,"1,408,551",48.47%,45.71%
2022,Nevada,NV,"1,023,617",,"2,498,810",10.3%,"10,455",0,0,"10,455",,"2,229,978",45.90%,40.96%
2022,New Hampshire,NH,"626,931",,"1,145,440",2.6%,"2,158",0,0,"2,158",,"1,113,501",56.30%,54.73%
2022,New Jersey,NJ,"2,645,539",,"7,269,562",11.2%,"11,896",0,0,"11,896",,"6,442,021",41.07%,36.39%
2022,New Mexico,NM,"714,754",,"1,655,367",6.0%,"5,377","6,075","2,725","16,163",,"1,540,379",46.40%,43.18%
2022,New York,NY,"5,962,278",,"15,654,547",10.3%,"32,574",0,0,"32,574",,"14,006,423",42.57%,38.09%
2022,North Carolina,NC,"3,790,202",,"8,444,034",5.4%,"28,406",0,0,"28,406",,"7,962,183",47.60%,44.89%
2022,North Dakota,ND,"242,566",,"597,057",2.7%,"1,384",0,0,"1,384",,"579,792",41.84%,40.63%
2022,Ohio,OH,"4,201,368",,"9,196,623",2.5%,"44,608",0,0,"44,608",,"8,918,421",47.11%,45.68%
2022,Oklahoma,OK,"1,153,284",,"3,075,212",4.1%,"22,071","11,974","2,237","40,197",,"2,908,317",39.65%,37.50%
2022,Oregon,OR,"1,997,689",,"3,402,435",5.5%,"12,753",0,0,"12,753",,"3,201,528",62.40%,58.71%
2022,Pennsylvania,PA,"5,410,022",,"10,342,240",3.6%,"38,938",0,0,"38,938",,"9,929,947",54.48%,52.31%
2022,Rhode Island,RI,"361,449",,"889,585",6.8%,"2,227",0,0,"2,227",,"827,311",43.69%,40.63%
2022,South Carolina,SC,"1,718,626",,"4,190,429",3.3%,"15,787","13,722","4,638","38,633",,"4,013,931",42.82%,41.01%
2022,South Dakota,SD,"354,670",,"694,652",2.2%,"3,176",3926,"3,673","12,059",,"667,172",53.16%,51.06%
2022,Tennessee,TN,"1,756,397",,"5,537,627",3.5%,"22,205","31,486","12,407","76,392",,"5,268,526",33.34%,31.72%
2022,Texas,TX,"8,151,590",,"22,711,852",12.2%,"128,653","173,864","110,437","469,794",,"19,468,941",41.87%,35.89%
2022,Utah,UT,"1,084,634",,"2,464,872",5.9%,"5,249",0,0,"5,249",,"2,314,196",46.87%,44.00%
2022,Vermont,VT,"291,955",,"532,708",2.0%,0,0,0,0,,"522,214",55.91%,54.81%
2022,Virginia,VA,"3,021,956",,"6,827,106",6.0%,"30,620","33,426","2,017","76,990",,"6,339,807",47.67%,44.26%
2022,Washington,WA,"3,067,686",,"6,158,975",8.8%,"15,056","37,534","14,536","79,397",,"5,537,589",55.40%,49.81%
2022,West Virginia,WV,"494,753",,"1,420,780",0.9%,"6,031","3,246","3,682","14,021",,"1,393,972",35.49%,34.82%
2022,Wisconsin,WI,"2,673,154",,"4,655,469",3.1%,"19,846","19,960","23,174","69,506",,"4,443,971",60.15%,57.42%
2022,Wyoming,WY,"198,198",,"452,309",2.5%,"2,034","2,822",954,"6,733",,"434,223",45.64%,43.82%
2020,United States,,159738337,,259219518,7.5%,1154741,863136,499380,2671296,4971025,242077783,65.99%,61.62%
2020,Alabama,AL,2325000,,3939759,2.3%,25328,24652,8245,66284,,3782861,61.46%,59.01%
2020,Alaska,AK,361400,,556443,3.5%,4578,1268,1003,7263,,529649,68.23%,64.95%
2020,Arizona,AZ,3420585,,5672442,7.9%,34997,37932,6887,92217,,5133804,66.63%,60.30%
2020,Arkansas,AR,1223675,,2332442,3.6%,15850,20733,25852,69213,,2178328,56.17%,52.46%
2020,California,CA,17785151,,30490123,14.6%,97328,0,110349,207677,,25840035,68.83%,58.33%
2020,Colorado,CO,3295666,,4579181,5.8%,14990,0,0,14990,,4297225,76.69%,71.97%
2020,Connecticut,CT,1861086,,2887773,7.6%,9297,0,4080,13377,,2655214,70.09%,64.45%
2020,Delaware,DE,509241,,798104,5.1%,4653,5278,373,12030,,745131,68.34%,63.81%
2020,District of Columbia,DC,346491,,544795,7.7%,0,0,0,0,,503118,68.87%,63.60%
2020,Florida,FL,11144855,,17593558,9.4%,75977,93389,4280,204177,,15742624,70.79%,63.35%
2020,Georgia,GA,5023159,,8282660,5.9%,44796,177546,19447,299832,,7490838,67.06%,60.65%
2020,Hawaii,HI,579784,,1145618,8.2%,4097,0,0,4097,,1047466,55.35%,50.61%
2020,Idaho,ID,878527,,1443536,4.0%,7996,14257,5967,32881,,1352914,64.94%,60.86%
2020,Illinois,IL,6050000,,9910732,7.9%,28582,0,0,28582,,9095238,66.52%,61.04%
2020,Indiana,IN,3068542,,5240144,3.7%,23458,0,0,23458,,5025421,61.06%,58.56%
2020,Iowa,IA,1700130,,2469708,3.1%,8128,12916,7261,32528,,2360125,72.04%,68.84%
2020,Kansas,KS,1375125,,2242018,4.7%,8477,8254,5428,24858,,2112458,65.10%,61.33%
2020,Kentucky,KY,2150954,,3499169,2.5%,18433,28839,14429,71129,,3339511,64.41%,61.47%
2020,Louisiana,LA,2169401,,3552258,2.9%,26851,14507,21566,67667,,3382286,64.14%,61.07%
2020,Maine,ME,828305,,1127932,1.9%,0,0,0,0,,1106276,74.87%,73.44%
2020,Maryland,MD,3066945,,4820237,8.1%,14918,0,0,14918,,4416326,69.45%,63.63%
2020,Massachusetts,MA,3658005,,5638722,8.9%,5993,0,0,5993,,5129755,71.31%,64.87%
2020,Michigan,MI,5579317,,7907056,3.3%,33246,0,0,33246,,7615249,73.27%,70.56%
2020,Minnesota,MN,3292997,,4408498,4.0%,7681,44332,7359,73865,,4157411,79.21%,74.70%
2020,Mississippi,MS,1325000,,2265253,1.4%,17569,15092,10510,48106,,2185433,60.63%,58.49%
2020,Missouri,MO,3026028,,4800088,2.3%,22890,20149,20729,70356,,4620290,65.49%,63.04%
2020,Montana*,MT,612075,,873659,1.4%,3910,0,0,3910,,857955,71.34%,70.06%
2020,Nebraska,NE,966920,,1484568,4.7%,5071,5956,1156,14130,,1400069,69.06%,65.13%
2020,Nevada,NV,1407754,,2455546,10.3%,10455,0,0,10455,,2191188,64.25%,57.33%
2020,New Hampshire,NH,814499,,1132908,2.6%,2158,0,0,2158,,1101294,73.96%,71.89%
2020,New Jersey,NJ,4635585,,7261675,11.2%,11896,0,0,11896,,6435019,72.04%,63.84%
2020,New Mexico,NM,928230,,1649222,6.0%,5377,6075,2725,16163,,1534600,60.49%,56.28%
2020,New York,NY,8690139,,15787812,10.3%,32574,0,43979,76553,,14081957,61.71%,55.04%
2020,North Carolina,NC,5545848,,8284274,5.4%,28406,0,0,28406,,7811002,71.00%,66.94%
2020,North Dakota,ND,364251,,594772,2.7%,1384,0,0,1384,,577567,63.07%,61.24%
2020,Ohio,OH,5974121,,9184163,2.5%,44608,0,0,44608,,8906277,67.08%,65.05%
2020,Oklahoma,OK,1565000,,3040979,4.1%,22071,11974,2237,40197,,2875494,54.43%,51.46%
2020,Oregon,OR,2413890,,3405290,5.5%,12753,0,0,12753,,3204224,75.33%,70.89%
2020,Pennsylvania*,PA,6958551,,10363451,3.6%,38938,0,0,38938,,9950392,69.93%,67.15%
2020,Rhode Island,RI,522488,,890532,6.8%,2227,0,0,2227,,828194,63.09%,58.67%
2020,South Carolina,SC,2533010,,4087762,3.3%,15787,13722,4638,38633,,3914642,64.71%,61.97%
2020,South Dakota,SD,427529,,678680,2.2%,3176,3926,3673,12059,,651554,65.62%,62.99%
2020,Tennessee,TN,3065000,,5439926,3.5%,22205,31486,12407,76392,,5174225,59.24%,56.34%
2020,Texas,TX,11350000,,22157381,12.2%,128653,173864,110437,469794,,18982171,59.79%,51.22%
2020,Utah,UT,1515845,,2402151,5.9%,5249,0,0,5249,,2255175,67.22%,63.10%
2020,Vermont,VT,370968,,531104,2.0%,0,0,0,0,,520641,71.25%,69.85%
2020,Virginia,VA,4523142,,6785517,6.0%,30620,33426,2017,76990,,6300717,71.79%,66.66%
2020,Washington,WA,4116894,,6079926,8.8%,15056,37534,14536,79397,,5465496,75.33%,67.71%
2020,West Virginia,WV,802726,,1430595,0.9%,6031,3246,3682,14021,,1403699,57.19%,56.11%
2020,Wisconsin,WI,3310000,,4621234,3.1%,19846,19960,23174,69506,,4410780,75.04%,71.63%
2020,Wyoming,WY,278503,,448142,2.5%,2034,2822,954,6733,,430161,64.74%,62.15%
2018,United States,,"118,581,921","117,069,210","249,964,761",7.5%,"1,356,822","1,188,516","438,200","2,983,538","4,971,025","233,204,891",50.85%,47.44%
2018,Alabama,AL,"1,721,906","1,719,589","3,850,473",2.3%,"25,907","29,068","10,266","65,241",,"3,696,671",46.58%,44.72%
2018,Alaska,AK,"285,009","283,134","584,025",3.5%,"4,295","1,182","1,348","6,825",,"556,701",51.20%,48.80%
2018,Arizona,AZ,"2,409,910","2,384,308","5,686,311",7.9%,"38,571","43,801","7,536","89,908",,"5,148,891",46.80%,42.38%
2018,Arkansas,AR,"898,793","891,509","2,347,187",3.6%,"17,518","20,930","24,698","63,146",,"2,198,603",40.88%,38.29%
2018,California,CA,"12,712,542","12,464,235","31,553,154",14.6%,"104,730",0,0,"104,730",,"26,851,129",47.34%,40.29%
2018,Colorado,CO,"2,583,580","2,525,062","4,563,101",5.8%,"18,914",0,10759,"29,673",,"4,267,400",60.54%,56.62%
2018,Connecticut,CT,"1,421,953","1,406,803","2,889,222",7.6%,"13,314",0,4452,"17,766",,"2,652,164",53.61%,49.22%
2018,Delaware,DE,"365,467","362,592","779,323",5.1%,"5,885","8,080",350,"14,315",,"725,029",50.41%,46.90%
2018,District of Columbia,DC,"231,482","224,658","590,985",7.7%,0,0,0,0,,"545,775",42.41%,39.17%
2018,Florida,FL,"8,318,824","8,220,561","17,384,146",9.4%,"91,765","116,869","4,345","212,979",,"15,544,011",53.52%,47.85%
2018,Georgia,GA,"3,949,905","3,939,328","8,172,349",5.9%,"50,963","237,559","20,426","308,948",,"7,377,964",53.54%,48.33%
2018,Hawaii,HI,"398,657","390,843","1,410,729",8.2%,"5,007",0,0,"5,007",,"1,289,901",30.91%,28.26%
2018,Idaho,ID,"612,536","605,131","1,343,434",4.0%,"8,378","19,603","5,267","33,248",,"1,256,448",48.75%,45.59%
2018,Illinois,IL,"4,635,541","4,570,842","10,012,931",7.9%,"38,464",0,0,"38,464",,"9,179,441",50.50%,46.30%
2018,Indiana,IN,"2,308,258","2,282,565","5,213,162",3.7%,"26,330",0,0,"26,330",,"4,996,552",46.20%,44.28%
2018,Iowa,IA,"1,334,279","1,327,638","2,452,647",3.1%,"9,219","16,608","6,652","32,479",,"2,343,645",56.93%,54.40%
2018,Kansas,KS,"1,060,000","1,055,566","2,256,910",4.7%,"9,882","9,379","5,438","24,699",,"2,126,813",49.84%,46.97%
2018,Kentucky,KY,"1,612,353","1,569,798","3,503,878",2.5%,"23,280","26,771","15,881","65,932",,"3,349,298",48.14%,46.02%
2018,Louisiana,LA,"1,519,405","1,460,585","3,607,016",2.9%,"32,281","19,964","29,321","81,566",,"3,421,568",44.41%,42.12%
2018,Maine,ME,"646,013","634,409","1,105,700",1.9%,0,0,0,0,,"1,084,471",59.57%,58.43%
2018,Maryland,MD,"2,335,128","2,304,512","4,805,481",8.1%,18181,0,0,"18,181",,"4,399,498",53.08%,48.59%
2018,Massachusetts,MA,"2,752,665","2,707,090","5,634,893",8.9%,"7,772",0,0,"7,772",,"5,124,489",53.72%,48.85%
2018,Michigan,MI,"4,341,340","4,250,585","7,974,982",3.3%,"38,218",0,0,"38,218",,"7,675,982",56.56%,54.44%
2018,Minnesota,MN,"2,611,365","2,596,879","4,390,868",4.0%,"9,717","57,043","7,381","74,141",,"4,140,214",63.07%,59.47%
2018,Mississippi,MS,"961,025","936,215","2,296,720",1.4%,"19,258","15,558","9,866","44,682",,"2,219,884",43.29%,41.84%
2018,Missouri,MO,"2,442,306","2,442,289","4,833,311",2.3%,"30,151","25,006","19,251","74,408",,"4,648,703",52.54%,50.53%
2018,Montana,MT,"509,213","504,384","853,175",1.4%,"3,754",0,0,"3,754",,"837,903",60.77%,59.68%
2018,Nebraska,NE,"706,652","698,417","1,475,018",4.7%,"5,266","8,490",958,"14,714",,"1,390,388",50.82%,47.91%
2018,Nevada,NV,"975,980","972,132","2,440,895",10.3%,"12,420",7558.2,6492,"26,470",,"2,162,036",45.14%,39.98%
2018,New Hampshire,NH,"580,568","573,608","1,113,147",2.6%,"2,635",0,0,"2,635",,"1,081,571",53.68%,52.16%
2018,New Jersey,NJ,"3,248,642","3,169,310","7,061,504",11.2%,"18,099",74867.79,14967,"107,934",,"6,161,270",52.73%,46.00%
2018,New Mexico,NM,"701,654","696,459","1,649,040",6.0%,"6,887","6,891","2,805","16,583",,"1,534,009",45.74%,42.55%
2018,New York,NY,"6,230,959","6,104,477","15,781,905",10.3%,"42,472",0,45192,"87,664",,"14,065,548",44.30%,39.48%
2018,North Carolina,NC,"3,755,778","3,693,104","8,250,784",5.4%,"33,700",45638.76,14215,"93,554",,"7,714,163",48.69%,45.52%
2018,North Dakota,ND,"330,598","326,138","589,705",2.7%,"1,679",0,0,"1,679",,"572,340",57.76%,56.06%
2018,Ohio,OH,"4,496,834","4,429,582","9,242,288",2.5%,"49,932",0,0,"49,932",,"8,957,602",50.20%,48.65%
2018,Oklahoma,OK,"1,190,000","1,186,385","3,139,581",4.1%,"27,572","23,690","1,780","53,042",,"2,957,188",40.24%,37.90%
2018,Oregon,OR,"1,914,923","1,866,997","3,435,202",5.5%,"13,795",0,0,"13,795",,"3,231,440",59.26%,55.74%
2018,Pennsylvania,PA,"5,043,029","5,012,555","10,308,998",3.6%,"44,162",0,0,"44,162",,"9,892,681",50.98%,48.92%
2018,Rhode Island,RI,"381,267","376,738","872,055",6.8%,"2,767",0,0,"2,767",,"810,424",47.05%,43.72%
2018,South Carolina,SC,"1,726,527","1,707,569","4,050,712",3.3%,"18,613","18,226","4,980","41,819",,"3,875,625",44.55%,42.62%
2018,South Dakota,SD,"341,048","339,214","674,801",2.2%,"3,867",0,"3,201","7,068",,"652,752",52.25%,50.54%
2018,Tennessee,TN,"2,267,428","2,243,740","5,355,697",3.5%,"26,120","34,914","10,842","71,876",,"5,097,443",44.48%,42.34%
2018,Texas,TX,"8,375,000","8,371,655","21,707,688",12.2%,"154,935","209,855","109,213","474,003",,"18,583,176",45.07%,38.58%
2018,Utah,UT,"1,082,972","1,065,630","2,286,384",5.9%,"6,288",0,0,"6,288",,"2,145,200",50.48%,47.37%
2018,Vermont,VT,"278,230","274,087","517,261",2.0%,0,0,0,0,,"507,071",54.87%,53.79%
2018,Virginia,VA,"3,363,505","3,351,373","6,803,102",6.0%,"35,754","35,973","1,860","73,587",,"6,320,649",53.21%,49.44%
2018,Washington,WA,"3,133,448","3,086,168","6,121,085",8.8%,"18,787","43,703","12,222","74,712",,"5,507,718",56.89%,51.19%
2018,West Virginia,WV,"597,149","586,034","1,455,147",0.9%,"6,757","3,758","4,287","14,802",,"1,427,249",41.84%,41.04%
2018,Wisconsin,WI,"2,675,000","2,673,308","4,600,750",3.1%,"23,595","24,458","21,015","69,068",,"4,391,359",60.92%,58.14%
2018,Wyoming,WY,"205,275","203,420","451,168",2.5%,"2,488","3,068",934,"6,490",,"433,354",47.37%,45.50%
2016,United States,,"138,747,904","136,753,936","249,964,761",8.3%,"1,416,810","2,198,907","506,297","3,176,484","4,739,596","230,780,798",60.12%,55.51%
2016,Alabama,AL,"2,134,061","2,123,372","3,770,952",2.5%,"28,680","52,177","8,562","66,983",,"3,609,696",59.12%,56.59%
2016,Alaska,AK,"321,271","318,608","554,526",4.1%,"4,317","6,621","1,812","9,903",,"521,888",61.56%,57.94%
2016,Arizona,AZ,"2,661,497","2,604,657","5,347,427",9.4%,"37,582","77,373","7,500","89,185",,"4,755,584",55.97%,49.77%
2016,Arkansas,AR,"1,137,772","1,130,635","2,287,921",3.8%,"17,242","30,881","23,792","58,636",,"2,142,344",53.11%,49.73%
2016,California,CA,"14,610,509","14,181,595","30,130,155",16.4%,"130,390",0,0,"130,390",,"25,058,420",58.31%,48.49%
2016,Colorado,CO,"2,859,216","2,780,247","4,301,685",7.0%,"18,576",0,10186,"28,762",,"3,971,805",71.99%,66.47%
2016,Connecticut,CT,"1,675,955","1,644,920","2,827,488",7.8%,"14,475",0,3379,"17,854",,"2,589,090",64.73%,59.27%
2016,Delaware,DE,"445,228","443,814","748,217",5.7%,"6,254","15,395",387,"15,416",,"690,153",64.51%,59.51%
2016,District of Columbia,DC,"312,575","311,268","565,352",8.4%,0,0,0,0,,"517,863",60.36%,55.29%
2016,Florida,FL,"9,580,489","9,420,039","16,533,216",10.5%,"92,847","214,066","4,566","219,431",,"14,577,798",65.72%,57.95%
2016,Georgia,GA,"4,165,405","4,114,732","7,831,741",7.2%,"51,092","410,964","22,386","307,727",,"6,960,129",59.85%,53.19%
2016,Hawaii,HI,"437,664","428,937","1,120,762",9.1%,"5,474",0,0,"5,474",,"1,013,299",43.19%,39.05%
2016,Idaho,ID,"710,545","690,255","1,256,143",4.4%,"7,949","32,409","5,054","31,476",,"1,169,396",60.76%,56.57%
2016,Illinois,IL,"5,666,118","5,589,631","9,887,574",8.5%,"42,017",0,0,"42,017",,"9,005,114",62.92%,57.31%
2016,Indiana,IN,"2,807,676","2,734,958","5,072,700",3.7%,"24,948",0,0,"24,948",,"4,860,062",57.77%,55.35%
2016,Iowa,IA,"1,581,371","1,566,031","2,404,019",3.6%,"8,888","29,254","6,051","31,614",,"2,285,860",69.18%,65.78%
2016,Kansas,KS,"1,225,667","1,184,402","2,196,904",5.2%,"9,613","16,654","4,830","23,936",,"2,058,729",59.54%,55.79%
2016,Kentucky,KY,"1,955,195","1,924,149","3,430,752",2.4%,"22,868","48,457","15,383","65,871",,"3,282,543",59.56%,56.99%
2016,Louisiana,LA,"2,049,531","2,029,032","3,563,801",2.7%,"35,543","40,174","30,907","89,349",,"3,378,229",60.67%,57.51%
2016,Maine,ME,"771,892","747,927","1,079,197",1.8%,0,0,0,0,,"1,059,772",72.84%,71.52%
2016,Maryland,MD,"2,807,322","2,781,446","4,663,738",8.8%,19382,72529,10305,"71,029",,"4,182,300",67.12%,60.19%
2016,Massachusetts,MA,"3,378,801","3,325,046","5,453,921",8.9%,"8,780",0,0,"8,780",,"4,959,742",68.12%,61.95%
2016,Michigan,MI,"4,874,619","4,799,284","7,765,389",3.7%,"40,502",0,0,"40,502",,"7,437,567",65.54%,62.77%
2016,Minnesota,MN,"2,968,281","2,944,813","4,242,668",4.6%,"10,158","96,852","7,075","72,439",,"3,975,066",74.67%,69.96%
2016,Mississippi,MS,"1,209,357","1,209,357","2,268,353",1.4%,"19,150","29,067","8,645","44,363",,"2,192,233",55.17%,53.31%
2016,Missouri,MO,"2,811,549","2,808,605","4,709,176",2.5%,"31,956","43,799","17,792","74,713",,"4,516,733",62.25%,59.70%
2016,Montana,MT,"516,901","497,147","816,023",1.2%,"3,795",0,0,"3,795",,"802,436",64.42%,63.34%
2016,Nebraska,NE,"860,573","844,227","1,435,123",5.5%,"5,079","13,489",1088,"13,856",,"1,342,336",64.11%,59.97%
2016,Nevada,NV,"1,125,429","1,125,385","2,260,341",12.6%,"13,742",13724,5261,"26,826",,"1,948,712",57.75%,49.79%
2016,New Hampshire,NH,"755,850","744,296","1,082,981",2.9%,"2,818",0,0,"2,818",,"1,048,757",72.07%,69.79%
2016,New Jersey,NJ,"3,957,303","3,874,046","6,903,418",12.0%,"18,504",140589,15128,"113,768",,"5,961,240",66.38%,57.32%
2016,New Mexico,NM,"804,043","798,319","1,600,627",6.9%,"6,914","12,714","2,780","16,941",,"1,473,243",54.58%,50.23%
2016,New York,NY,"7,786,881","7,721,453","15,473,628",12.0%,"46,416",0,44426,"90,842",,"13,525,950",57.57%,50.32%
2016,North Carolina,NC,"4,769,640","4,741,564","7,898,733",5.5%,"34,357",82466,12726,"94,089",,"7,370,213",64.72%,60.38%
2016,North Dakota,ND,"349,945","344,360","579,842",2.2%,"1,791",0,0,"1,791",,"565,295",61.90%,60.35%
2016,Ohio,OH,"5,607,641","5,496,487","9,028,098",2.4%,"51,666",0,0,"51,666",,"8,759,758",64.02%,62.11%
2016,Oklahoma,OK,"1,465,505","1,452,992","2,972,077",4.7%,"26,691","33,562","1,895","47,716",,"2,784,673",52.63%,49.31%
2016,Oregon,OR,"2,056,310","2,001,336","3,233,909",6.3%,"15,166",0,0,"15,166",,"3,015,007",68.20%,63.59%
2016,Pennsylvania,PA,"6,223,150","6,165,478","10,114,662",3.7%,"48,098",0,0,"48,098",,"9,692,322",64.21%,61.53%
2016,Rhode Island,RI,"469,589","464,144","848,850",7.1%,"3,038",0,0,"3,038",,"785,544",59.78%,55.32%
2016,South Carolina,SC,"2,123,584","2,103,027","3,881,185",3.4%,"20,350","32,634","4,347","43,298",,"3,705,927",57.30%,54.71%
2016,South Dakota,SD,"378,995","370,093","651,179",2.5%,"3,744",0,"2,687","6,431",,"628,468",60.30%,58.20%
2016,Tennessee,TN,"2,545,271","2,508,027","5,162,937",3.5%,"27,906","62,609","12,092","75,685",,"4,906,550",51.87%,49.30%
2016,Texas,TX,"8,975,000","8,969,226","20,718,271",13.3%,"155,327","374,285","111,287","479,956",,"17,482,785",51.34%,43.32%
2016,Utah,UT,"1,152,369","1,131,430","2,139,328",6.9%,"5,846",0,0,"5,846",,"1,985,869",58.03%,53.87%
2016,Vermont,VT,"320,467","315,067","505,888",2.2%,0,0,0,0,,"494,758",64.77%,63.35%
2016,Virginia,VA,"3,996,302","3,984,631","6,556,247",6.9%,"36,959","60,821","1,650","73,277",,"6,030,589",66.27%,60.95%
2016,Washington,WA,"3,363,440","3,317,019","5,693,791",8.6%,"18,335","89,317","11,322","80,568",,"5,123,557",65.65%,59.07%
2016,West Virginia,WV,"732,362","714,423","1,454,560",1.1%,"7,137","6,523","3,550","14,405",,"1,424,155",51.42%,50.35%
2016,Wisconsin,WI,"2,993,000","2,976,150","4,493,054",3.2%,"22,889","44,489","20,401","68,649",,"4,280,628",69.92%,66.61%
2016,Wyoming,WY,"258,788","255,849","446,228",2.4%,"2,323","4,666",842,"5,825",,"429,694",60.23%,57.99%
2014,United States,,"83,155,963","81,687,059","245,497,227",8.3%,"1,493,706","2,298,993","548,576","3,329,718","5,345,814","227,137,053",36.61%,33.87%
2014,Alabama,AL,"1,191,274","1,180,413","3,740,624",2.6%,"31,691","53,640","8,097","69,826",,"3,573,542",33.34%,31.85%
2014,Alaska,AK,"285,431","282,382","550,095",3.9%,"5,216","7,077","2,210","11,389",,"517,252",55.18%,51.89%
2014,Arizona,AZ,"1,537,671","1,506,416","5,138,141",9.7%,"37,516","73,232","7,502","86,028",,"4,553,713",33.77%,29.93%
2014,Arkansas,AR,"852,642","848,592","2,264,098",3.8%,"17,756","28,192","21,743","55,287",,"2,122,776",40.17%,37.66%
2014,California,CA,"7,513,972","7,317,581","29,575,685",16.7%,"136,088",0,87104,"223,192",,"24,413,353",30.78%,25.41%
2014,Colorado,CO,"2,080,071","2,041,020","4,132,930",7.0%,"19,121",0,10067,"29,188",,"3,814,437",54.53%,50.33%
2014,Connecticut,CT,"1,096,556","1,089,880","2,822,985",8.2%,"16,113",0,2564,"18,677",,"2,572,824",42.62%,38.84%
2014,Delaware,DE,"238,110","234,038","731,850",5.6%,"6,625","15,665",676,"16,073",,"674,793",35.29%,32.54%
2014,District of Columbia,DC,"177,176","175,071","549,851",9.2%,0,0,0,0,,"499,265",35.49%,32.22%
2014,Florida,FL,"6,026,802","5,951,561","15,897,657",10.5%,"95,671","227,087","4,519","227,359",,"14,001,044",43.05%,37.91%
2014,Georgia,GA,"2,596,947","2,567,761","7,613,021",7.1%,"50,499","471,067","25,547","339,844",,"6,732,653",38.57%,34.11%
2014,Hawaii,HI,"369,554","366,125","1,109,048",8.9%,"5,721",0,0,"5,721",,"1,004,622",36.79%,33.32%
2014,Idaho,ID,"445,307","439,830","1,205,909",4.6%,"7,901","33,450","4,217","30,850",,"1,119,588",39.77%,36.93%
2014,Illinois,IL,"3,680,417","3,627,690","9,893,765",8.7%,"46,465",0,0,"46,465",,"8,986,543",40.95%,37.20%
2014,Indiana,IN,"1,387,622","1,341,814","5,017,809",3.7%,"28,638",0,0,"28,638",,"4,803,512",28.89%,27.65%
2014,Iowa,IA,"1,142,284","1,129,700","2,384,136",3.5%,"8,686","29,929","5,769","31,215",,"2,269,477",50.33%,47.91%
2014,Kansas,KS,"887,023","869,502","2,181,529",5.3%,"9,326","16,328","4,051","22,521",,"2,043,387",43.41%,40.66%
2014,Kentucky,KY,"1,459,409","1,435,868","3,404,267",2.5%,"21,402","54,107","16,729","68,431",,"3,250,729",44.89%,42.87%
2014,Louisiana,LA,"1,503,975","1,472,039","3,536,724",2.8%,"37,881","40,979","29,619","90,448",,"3,347,248",44.93%,42.52%
2014,Maine,ME,"616,996","611,255","1,071,220",1.7%,0,0,0,0,,"1,053,009",58.59%,57.60%
2014,Maryland,MD,"1,745,104","1,733,177","4,620,229",8.7%,20388,79539,11537,"76,467",,"4,141,802",42.13%,37.77%
2014,Massachusetts,MA,"2,186,789","2,158,326","5,382,729",8.7%,"10,014",0,0,"10,014",,"4,904,417",44.59%,40.63%
2014,Michigan,MI,"3,188,956","3,156,531","7,707,406",3.6%,"42,900",0,0,"42,900",,"7,387,039",43.17%,41.38%
2014,Minnesota,MN,"1,992,613","1,981,511","4,177,839",4.5%,"10,003","97,661","6,642","71,335",,"3,918,501",50.85%,47.69%
2014,Mississippi,MS,"631,858","631,858","2,260,078",1.7%,"18,756","34,398","9,883","47,902",,"2,173,754",29.07%,27.96%
2014,Missouri,MO,"1,509,025","1,426,303","4,669,356",2.5%,"31,432","47,303","18,495","76,417",,"4,476,205",33.71%,32.32%
2014,Montana,MT,"373,831","369,826","798,918",1.1%,"3,681",0,0,"3,681",,"786,449",47.53%,46.79%
2014,Nebraska,NE,"552,115","539,891","1,414,871",5.1%,"5,221","12,940",1067,"13,534",,"1,329,179",41.54%,39.02%
2014,Nevada,NV,"552,546","547,349","2,171,523",12.5%,"12,537",12027,5927,"25,199",,"1,874,884",29.47%,25.45%
2014,New Hampshire,NH,"495,565","488,159","1,067,564",3.1%,"2,867",0,0,"2,867",,"1,031,603",48.04%,46.42%
2014,New Jersey,NJ,"1,955,042","1,869,535","6,872,067",11.9%,"20,255",115898,14889,"100,047",,"5,954,244",32.83%,28.45%
2014,New Mexico,NM,"519,436","512,805","1,587,274",7.4%,"6,879","16,060","2,255","18,128",,"1,451,687",35.78%,32.73%
2014,New York,NY,"3,930,310","3,819,010","15,453,917",12.1%,"48,376",0,44889,"93,265",,"13,490,728",29.13%,25.43%
2014,North Carolina,NC,"2,939,767","2,915,281","7,681,181",5.9%,"35,726",90918,10025,"96,665",,"7,131,326",41.22%,38.27%
2014,North Dakota,ND,"255,128","248,670","572,498",2.2%,"1,700",0,0,"1,700",,"558,203",45.71%,44.56%
2014,Ohio,OH,"3,149,876","3,055,913","8,968,923",2.4%,"51,024",0,0,"51,024",,"8,702,645",36.19%,35.12%
2014,Oklahoma,OK,"825,607","824,831","2,931,636",4.6%,"27,650","28,568","2,560","46,208",,"2,750,573",30.02%,28.16%
2014,Oregon,OR,"1,541,782","1,469,717","3,119,674",6.7%,"15,075",0,0,"15,075",,"2,895,581",53.25%,49.42%
2014,Pennsylvania,PA,"3,535,576","3,495,866","10,088,426",3.5%,"49,643",0,0,"49,643",,"9,685,688",36.50%,35.05%
2014,Rhode Island,RI,"329,212","324,055","844,183",7.3%,"3,294",0,0,"3,294",,"779,264",42.25%,39.00%
2014,South Carolina,SC,"1,261,611","1,246,301","3,760,446",3.4%,"20,917","35,096","5,225","45,796",,"3,586,795",35.17%,33.55%
2014,South Dakota,SD,"282,291","279,412","640,486",2.2%,"3,528",0,"2,611","6,139",,"620,256",45.51%,44.07%
2014,Tennessee,TN,"1,430,117","1,374,065","5,061,487",3.5%,"28,495","62,950","13,498","77,245",,"4,807,090",29.75%,28.25%
2014,Texas,TX,"4,727,208","4,727,208","19,958,796",13.3%,"157,361","388,101","111,412","486,110",,"16,818,166",28.11%,23.68%
2014,Utah,UT,"577,973","565,970","2,045,779",6.8%,"6,824",0,0,"6,824",,"1,899,842",30.42%,28.25%
2014,Vermont,VT,"202,445","193,087","504,200",2.2%,0,0,0,0,,"493,107",41.05%,40.15%
2014,Virginia,VA,"2,194,346","2,184,473","6,462,450",6.9%,"36,943","54,966","1,732","69,456",,"5,947,085",36.90%,33.96%
2014,Washington,WA,"2,124,330","2,029,189","5,485,062",8.4%,"17,345","94,112","9,880","79,928",,"4,944,389",42.96%,38.73%
2014,West Virginia,WV,"462,864","451,498","1,467,174",0.9%,"6,873","7,174","2,749","13,639",,"1,440,331",32.14%,31.55%
2014,Wisconsin,WI,"2,422,248","2,410,314","4,454,913",3.1%,"22,097","46,212","20,010","67,986",,"4,248,825",57.01%,54.37%
2014,Wyoming,WY,"171,153","168,390","444,797",2.7%,"2,330","5,196",715,"5,955",,"426,832",40.10%,38.48%
2012,United States,,130231296,129070906,240897888,8.4%,1473412,2342582,637410,3352390,5127418,222437494,58.57%,54.09%
2012,Alabama,AL,2083309,2074338,3705982,2.6%,32232,57993,8616,71584,,3538042,58.88%,56.21%
2012,Alaska,AK,301694,300495,544269,3.8%,5633,7173,1882,11317,,512270,58.89%,55.43%
2012,Arizona,AZ,2323579,2306559,4963741,9.9%,35188,72452,7460,81048,,4391282,52.91%,46.81%
2012,Arkansas,AR,1078548,1069468,2244163,3.5%,14471,30122,23372,53808,,2111810,51.07%,48.06%
2012,California,CA,13202158,13038547,28871296,17.4%,119455,0,89287,208742,,23638949,55.85%,45.73%
2012,Colorado,CO,2596173,2569522,3980623,6.9%,18807,0,11458,30265,,3675695,70.63%,65.22%
2012,Connecticut,CT,1560640,1558960,2804156,8.5%,16935,0,2793,19728,,2546075,61.30%,55.65%
2012,Delaware,DE,417631,413921,714081,5.1%,6610,15641,601,15501,,662162,63.07%,58.49%
2012,District of Columbia,DC,294254,293764,531080,9.7%,0,0,0,0,,479566,61.36%,55.41%
2012,Florida,FL,8538264,8474179,15367936,10.8%,91954,240869,4538,224153,,13484046,63.32%,55.56%
2012,Georgia,GA,3919355,3900050,7441387,7.2%,52737,442061,24761,311790,,6593817,59.44%,52.67%
2012,Hawaii,HI,437159,434697,1091451,9.2%,5544,0,0,5544,,985494,44.36%,40.05%
2012,Idaho,ID,666290,652274,1172481,4.6%,7985,31606,3848,28584,,1089963,61.13%,56.83%
2012,Illinois,IL,5279752,5242014,9838883,8.9%,49348,0,0,49348,,8913874,59.23%,53.66%
2012,Indiana,IN,2663368,2624534,4959521,3.6%,28266,0,0,28266,,4752712,56.04%,53.70%
2012,Iowa,IA,1589951,1582180,2356497,3.2%,8470,29333,5151,29167,,2251922,70.60%,67.47%
2012,Kansas,KS,1182771,1156254,2162245,5.0%,9346,17021,5126,23493,,2030640,58.25%,54.70%
2012,Kentucky,KY,1815843,1797212,3374444,2.2%,21863,54511,14419,65173,,3235034,56.13%,53.81%
2012,Louisiana,LA,2014548,1994065,3495424,2.7%,40047,41298,28946,90881,,3310167,60.86%,57.63%
2012,Maine,ME,724758,713180,1063754,1.8%,0,0,0,0,,1044606,69.38%,68.13%
2012,Maryland,MD,2734062,2707327,4552894,8.9%,20871,96640,13195,85285,,4062401,67.30%,60.05%
2012,Massachusetts,MA,3184196,3167767,5278131,8.4%,10283,0,0,10283,,4824485,66.00%,60.33%
2012,Michigan,MI,4780701,4730961,7637478,3.5%,43019,0,0,43019,,7327148,65.25%,62.60%
2012,Minnesota,MN,2950780,2936561,4111021,4.4%,9383,108157,6006,72712,,3857424,76.50%,71.78%
2012,Mississippi,MS,1285584,1285584,2245738,1.5%,22305,30768,6804,45416,,2166636,59.34%,57.25%
2012,Missouri,MO,2840776,2757323,4627371,2.5%,30714,55470,20672,80785,,4430901,64.11%,61.39%
2012,Montana,MT,491966,484048,783676,0.9%,3592,0,0,3592,,773031,63.64%,62.78%
2012,Nebraska,NE,804245,794379,1394124,4.7%,4466,14260,1383,13407,,1315193,61.15%,57.69%
2012,Nevada,NV,1016664,1014918,2099011,13.3%,12883,11321,5379,24262,,1795581,56.62%,48.44%
2012,New Hampshire,NH,718700,710972,1050220,3.0%,2672,0,0,2672,,1016041,70.74%,68.43%
2012,New Jersey,NJ,3683638,3640292,6826144,12.1%,21759,114886,14987,97636,,5902545,62.41%,53.96%
2012,New Mexico,NM,786522,783757,1576959,7.3%,6553,21381,5078,22963,,1438878,54.66%,49.88%
2012,New York,NY,7128852,7074723,15334363,12.5%,49889,0,46222,96111,,13321457,53.51%,46.49%
2012,North Carolina,NC,4542488,4505372,7500448,6.1%,35567,96070,4359,90843,,6952078,65.34%,60.56%
2012,North Dakota,ND,325564,322627,548770,1.7%,1500,0,0,1500,,537941,60.52%,59.33%
2012,Ohio,OH,5632423,5580822,8894484,2.2%,50313,0,0,50313,,8648493,65.13%,63.32%
2012,Oklahoma,OK,1343380,1334872,2886686,4.5%,25225,25506,2310,41053,,2715732,49.47%,46.54%
2012,Oregon,OR,1820507,1789270,3046864,6.6%,13607,0,0,13607,,2832164,64.28%,59.75%
2012,Pennsylvania,PA,5783621,5742040,10037436,3.3%,50054,0,0,50054,,9656146,59.90%,57.62%
2012,Rhode Island,RI,451593,446049,838169,7.5%,3249,0,0,3249,,772057,58.49%,53.88%
2012,South Carolina,SC,1981516,1964118,3656261,3.5%,21895,34945,6116,46532,,3481760,56.91%,54.20%
2012,South Dakota,SD,368270,363815,630180,1.9%,3574,0,2761,6335,,611872,60.19%,58.44%
2012,Tennessee,TN,2479733,2458577,4975501,3.3%,28135,64430,13138,75421,,4735888,52.36%,49.84%
2012,Texas,TX,7993851,7993851,19204782,13.5%,157564,405473,112288,484753,,16127383,49.57%,41.62%
2012,Utah,UT,1028786,1017440,1976573,7.0%,6611,0,0,6611,,1831602,56.17%,52.05%
2012,Vermont,VT,301793,299290,501853,1.8%,0,0,0,0,,492820,61.24%,60.14%
2012,Virginia,VA,3888186,3854489,6345002,7.1%,36425,52956,1983,66475,,5828032,66.72%,61.28%
2012,Washington,WA,3172939,3125516,5329262,8.2%,16355,88339,8895,72070,,4820193,65.83%,59.54%
2012,West Virginia,WV,685099,670438,1472182,0.8%,7052,8573,2052,13648,,1446756,47.35%,46.54%
2012,Wisconsin,WI,3084115,3068434,4411462,3.2%,21987,46328,20023,66564,,4203731,73.37%,69.91%
2012,Wyoming,WY,250701,249061,441429,2.5%,2163,5162,762,5661,,424733,59.03%,56.79%
2010,United States,,90895897,89099476,240897888,8.6%,1608162,1201093,524092,3333347,4972217,221776507,40.99%,37.73%
2010,Alabama,AL,1503232,1494273,3661750,2.9%,31764,26633,9006,67403,,3487654,43.10%,41.05%
2010,Alaska,AK,261128,256192,528459,4.5%,5597,3480,2089,11166,,493475,52.92%,49.41%
2010,Arizona,AZ,1750840,1727791,4806125,10.2%,40130,40455,7993,88578,,4225272,41.44%,36.43%
2010,Arkansas,AR,789773,781333,2216571,3.7%,16204,14411,21106,51721,,2082028,37.93%,35.63%
2010,California,CA,10529134,10095485,28157259,18.0%,165062,0,105133,270195,,22823850,46.13%,37.39%
2010,Colorado,CO,1828323,1787730,3842941,7.5%,22815,0,11014,33829,,3521135,51.92%,47.58%
2010,Connecticut,CT,1153872,1153115,2771060,8.5%,19321,0,2894,22215,,2512285,45.93%,41.64%
2010,Delaware,DE,316754,307402,696911,5.0%,6598,8157,560,15315,,646761,48.98%,45.45%
2010,District of Columbia,DC,135846,132656,507942,9.3%,0,0,0,0,,460938,29.47%,26.74%
2010,Florida,FL,5473787,5411106,14916715,11.5%,104306,128110,4093,236509,,12966802,42.21%,36.70%
2010,Georgia,GA,2623035,2576161,7253576,7.6%,56432,228580,25091,310103,,6394095,41.02%,36.16%
2010,Hawaii,HI,386302,382563,1064539,9.2%,5912,0,0,5912,,960761,40.21%,36.29%
2010,Idaho,ID,459079,452535,1146045,4.4%,7431,26447,3957,37835,,1057993,43.39%,40.06%
2010,Illinois,IL,3792770,3729989,9736527,9.3%,48418,0,0,48418,,8780431,43.20%,38.95%
2010,Indiana,IN,1791832,1744481,4895546,3.4%,28028,0,0,28028,,4700148,38.12%,36.60%
2010,Iowa,IA,1133429,1116063,2328364,3.3%,9455,11190,3197,23842,,2227920,50.87%,48.68%
2010,Kansas,KS,857658,838790,2134690,5.3%,9051,8701,5063,22815,,1999897,42.89%,40.18%
2010,Kentucky,KY,1417995,1356468,3332440,2.5%,20544,28598,14628,63770,,3186792,44.50%,42.55%
2010,Louisiana,LA,1298649,1264994,3437623,2.9%,39445,21957,26202,87604,,3251832,39.94%,37.78%
2010,Maine,ME,580584,572766,1055878,1.6%,0,0,0,0,,1038785,55.89%,54.99%
2010,Maryland,MD,1868179,1857880,4453952,8.9%,22645,44090.5,13195,79931,,3976848,46.98%,41.94%
2010,Massachusetts,MA,2319963,2297039,5167053,9.1%,11312,0,0,11312,,4684240,49.53%,44.90%
2010,Michigan,MI,3268217,3226088,7555775,3.5%,44113,0,0,44113,,7249664,45.08%,43.25%
2010,Minnesota,MN,2123369,2107021,4040120,4.5%,9796,55943,5807,71546,,3787530,56.06%,52.56%
2010,Mississippi,MS,788549,788549,2221684,1.7%,21067,13397,6434,40898,,2143946,36.78%,35.49%
2010,Missouri,MO,1997271,1943899,4580080,2.6%,30623,28715,19421,78759,,4383789,45.56%,43.61%
2010,Montana,MT,367096,360341,769610,1.0%,3716,0,0,3716,,758424,48.40%,47.70%
2010,Nebraska,NE,503514,487988,1373145,4.2%,4587,8160,941,13688,,1302279,38.66%,36.67%
2010,Nevada,NV,723515,721404,2044399,13.1%,12653,5917,4964,23534,,1753166,41.27%,35.39%
2010,New Hampshire,NH,461423,456588,1033552,2.8%,2761,0,0,2761,,1001435,46.08%,44.64%
2010,New Jersey,NJ,2200974,2121584,6752083,12.4%,25007,60077.5,15563,100648,,5813989,37.86%,32.60%
2010,New Mexico,NM,630013,602827,1551751,7.7%,6659,9920,3146,19725,,1411888,44.62%,40.60%
2010,New York,NY,4763899,4658586,15121092,12.6%,56656,0,48542,105198,,13105474,36.35%,31.50%
2010,North Carolina,NC,2700706,2660079,7320628,6.1%,40116,52114,3621,95851,,6777828,39.85%,36.89%
2010,North Dakota,ND,241039,238812,527031,1.7%,1487,0,0,1487,,516826,46.64%,45.74%
2010,Ohio,OH,3956028,3852453,8827567,2.4%,51712,0,0,51712,,8566897,46.18%,44.81%
2010,Oklahoma,OK,1043507,1034767,2836265,4.3%,26252,12829,2627,41708,,2673056,39.04%,36.79%
2010,Oregon,OR,1487210,1453548,2983427,7.0%,14014,0,0,14014,,2760025,53.88%,49.85%
2010,Pennsylvania,PA,4055336,3987551,9943828,3.3%,51264,0,0,51264,,9562603,42.41%,40.78%
2010,Rhode Island,RI,346357,342290,831351,7.7%,3357,0,0,3357,,763719,45.35%,41.66%
2010,South Carolina,SC,1365480,1344198,3569456,3.9%,23578,16593,6412,46583,,3385527,40.33%,38.25%
2010,South Dakota,SD,323410,317083,615153,1.7%,3434,0,2843,6277,,598304,54.05%,52.57%
2010,Tennessee,TN,1620542,1601549,4876354,3.5%,27451,29973,12157,69581,,4636768,34.95%,33.23%
2010,Texas,TX,5066957,4979870,18480135,13.7%,173649,209339,104763,487751,,15461769,32.77%,27.42%
2010,Utah,UT,653274,643307,1911676,6.8%,6807,0,0,6807,,1774967,36.80%,34.17%
2010,Vermont,VT,243617,241605,498078,1.9%,0,0,0,0,,488761,49.84%,48.91%
2010,Virginia,VA,2214505,2189841,6193893,7.2%,37410,28327,2624,68361,,5676934,39.01%,35.75%
2010,Washington,WA,2565589,2511094,5186815,8.2%,18235,48932,6956,74123,,4687044,54.74%,49.46%
2010,West Virginia,WV,536493,529948,1468244,0.8%,6681,4312,1796,12789,,1444109,37.15%,36.54%
2010,Wisconsin,WI,2185021,2171331,4361980,3.1%,22724,23082,19572,65378,,4161265,52.51%,50.09%
2010,Wyoming,WY,190822,188463,429977,1.8%,2112,2660,682,5454,,416931,45.77%,44.38%
2008,United States,,132609063,131304731,230872030,8.4%,"1,605,448","2,451,085","627,680","3,144,831","4,972,217","213,306,165",62.17%,57.44%
2008,Alabama,AL,2105622,2099819,3595708,2.2%,"30,508","53,252","8,042","61,155",,"3,455,447",60.94%,58.56%
2008,Alaska,AK,327341,326197,507645,3.7%,"5,014","6,708","1,732","9,234",,"479,628",68.25%,64.48%
2008,Arizona,AZ,2320851,2293475,4673718,11.6%,"39,589","82,232","7,534","84,472",,"4,047,095",57.35%,49.66%
2008,Arkansas,AR,1095958,1086617,2174846,2.9%,"14,716","31,169","19,908","40,255",,"2,071,520",52.91%,50.39%
2008,California,CA,13743177,13561900,27411094,17.9%,"173,670",0,"120,753","234,047",,"22,270,461",61.71%,50.14%
2008,Colorado,CO,2422236,2401361,3708955,8.0%,"23,274",0,"11,654","29,101",,"3,383,138",71.60%,65.31%
2008,Connecticut,CT,,1646792,2725917,8.5%,"20,661",0,"2,328","21,825",,"2,472,389",,
2008,Delaware,DE,413562,412398,680493,5.3%,"7,075","17,216",551,"15,959",,"628,468",65.80%,60.77%
2008,District of Columbia,DC,266871,265853,481971,10.3%,0,0,0,0,,"432,328",61.73%,55.37%
2008,Florida,FL,8453743,8390744,14558436,11.2%,"102,388","279,760","4,528","244,532",,"12,683,359",66.65%,58.07%
2008,Georgia,GA,3940705,3924440,7063638,7.3%,"52,719","397,081","23,448","262,984",,"6,285,008",62.70%,55.79%
2008,Hawaii,HI,456064,453568,1036088,9.7%,"5,955",0,0,"5,955",,"929,632",49.06%,44.02%
2008,Idaho,ID,667506,655032,1117842,4.9%,"7,290","49,513","3,361","33,727",,"1,029,341",64.85%,59.71%
2008,Illinois,IL,5578195,5523051,9615700,9.2%,"45,474",0,0,"45,474",,"8,685,582",64.22%,58.01%
2008,Indiana,IN,2805986,2751054,4826231,3.0%,"28,322",0,0,"28,322",,"4,653,122",60.30%,58.14%
2008,Iowa,IA,1543662,1537123,2298515,2.6%,"8,766","22,958","3,159","21,825",,"2,216,929",69.63%,67.16%
2008,Kansas,KS,1264208,1235872,2100084,4.2%,"8,539","16,263","4,958","19,150",,"1,992,730",63.44%,60.20%
2008,Kentucky,KY,1858578,1826508,3277617,2.2%,"21,706","51,035","12,277","53,362",,"3,152,147",58.96%,56.71%
2008,Louisiana,LA,1979852,1960761,3342279,2.0%,"38,381","40,025","24,636","70,712",,"3,204,721",61.78%,59.24%
2008,Maine,ME,744456,731163,1049816,1.3%,0,0,0,0,,"1,036,168",71.85%,70.91%
2008,Maryland,MD,2661905,2631596,4342850,7.8%,"23,324","96,360","13,220","78,114",,"3,925,994",67.80%,61.29%
2008,Massachusetts,MA,3102995,3080985,5058035,8.6%,"11,408",0,0,"11,408",,"4,611,636",67.29%,61.35%
2008,Michigan,MI,5039080,5001766,7528460,3.3%,"48,738",0,0,"48,738",,"7,231,283",69.68%,66.93%
2008,Minnesota,MN,2921147,2910369,3975974,4.0%,"9,910","127,627","5,081","76,264",,"3,740,671",78.09%,73.47%
2008,Mississippi,MS,,1289856,2190402,1.9%,"22,754","22,267","2,922","35,349",,"2,113,435",,
2008,Missouri,MO,2950504,2925205,4507688,2.5%,"30,186","57,360","20,683","69,208",,"4,325,788",68.21%,65.45%
2008,Montana,MT,497599,491960,755384,1.3%,"3,545",0,0,"3,545",,"742,019",67.06%,65.87%
2008,Nebraska,NE,811923,801281,1348048,4.3%,"4,520","19,606",846,"14,746",,"1,275,336",63.66%,60.23%
2008,Nevada,NV,970019,967848,2000277,14.1%,"12,743","13,337","3,908","21,366",,"1,696,872",57.17%,48.49%
2008,New Hampshire,NH,719643,710970,1021787,2.6%,"2,702",0,0,"2,702",,"992,519",72.51%,70.43%
2008,New Jersey,NJ,3910220,3868237,6651284,11.7%,"25,953","128,737","15,849","98,246",,"5,774,838",67.71%,58.79%
2008,New Mexico,NM,833365,830158,1505830,8.3%,"6,402","20,883","3,724","18,706",,"1,362,140",61.18%,55.34%
2008,New York,NY,7721718,7640640,14876971,12.4%,"60,347",0,"52,225","86,460",,"12,945,767",59.65%,51.90%
2008,North Carolina,NC,4354571,4310789,7096503,5.9%,"39,482","109,678","3,409","96,026",,"6,581,783",66.16%,61.36%
2008,North Dakota,ND,321133,316621,512768,1.3%,"1,452",0,0,"1,452",,"504,650",63.63%,62.63%
2008,Ohio,OH,5773777,5698260,8757453,2.2%,"51,686",0,0,"51,686",,"8,513,103",67.82%,65.93%
2008,Oklahoma,OK,1474694,1462661,2770219,4.0%,"25,864","27,940","3,073","41,371",,"2,618,039",56.33%,53.23%
2008,Oregon,OR,1845251,1827864,2916246,6.9%,"14,167",0,0,"14,167",,"2,700,858",68.32%,63.27%
2008,Pennsylvania,PA,6071357,6012692,9813664,3.1%,"49,215",0,0,"49,215",,"9,460,225",64.18%,61.87%
2008,Rhode Island,RI,475428,471766,825786,7.0%,"4,045",0,0,"4,045",,"763,936",62.23%,57.57%
2008,South Carolina,SC,1927153,1920969,3473488,3.4%,"24,326","41,254","1,947","45,927",,"3,309,462",58.23%,55.48%
2008,South Dakota,SD,387449,381975,602539,1.2%,"3,342",0,"2,720","4,702",,"590,607",65.60%,64.30%
2008,Tennessee,TN,2618238,2599749,4771926,3.1%,"27,228","58,109","10,578","61,572",,"4,562,424",57.39%,54.87%
2008,Texas,TX,,8077795,17756112,13.5%,"172,506","427,080","102,921","437,507",,"14,921,530",,
2008,Utah,UT,971185,952370,1840087,7.2%,"6,552",0,0,"6,552",,"1,701,049",57.09%,52.78%
2008,Vermont,VT,326822,325046,492610,2.0%,0,0,0,0,,"482,758",67.70%,66.34%
2008,Virginia,VA,3753059,3723260,6022123,6.6%,"38,276","53,614","4,471","67,319",,"5,557,344",67.53%,62.32%
2008,Washington,WA,3071587,3036878,5032960,7.8%,"17,926","113,134","11,768","80,377",,"4,560,012",67.36%,61.03%
2008,West Virginia,WV,731691,713362,1453045,0.8%,"6,059","8,283","2,005","11,203",,"1,430,218",51.16%,50.36%
2008,Wisconsin,WI,2997086,2983417,4306876,3.0%,"23,379","50,418","18,105","57,641",,"4,120,029",72.74%,69.59%
2008,Wyoming,WY,256035,254658,418040,1.7%,"2,084","5,438",727,"5,167",,"405,766",63.10%,61.25%
2006,United States,,85769132,83815592,225485399,8.6%,"1,566,526","2,418,574","587,305","3,363,118","4,417,527","207,148,064",41.40%,38.04%
2006,Alabama,AL,,1250401,3513952,2.3%,"28,241","55,766","7,795","63,919",,"3,369,212",,
2006,Alaska,AK,238307,237322,492452,4.5%,"5,069","6,095",973,"9,090",,"461,202",51.67%,48.39%
2006,Arizona,AZ,1553032,1526782,4490327,12.6%,"35,892","73,265","6,213","78,738",,"3,845,808",40.38%,34.59%
2006,Arkansas,AR,780409,774680,2130080,3.3%,"13,729","31,508","16,666","46,149",,"2,013,638",38.76%,36.64%
2006,California,CA,8899059,8679416,26739781,18.9%,"175,512",0,"111,744","287,256",,"21,398,706",41.59%,33.28%
2006,Colorado,CO,1586105,1558405,3569901,8.0%,"22,481",0,"8,196","30,677",,"3,253,632",48.75%,44.43%
2006,Connecticut,CT,1162391,1134780,2683538,7.9%,"20,566",0,"2,571","23,137",,"2,448,401",47.48%,43.32%
2006,Delaware,DE,258053,254099,659410,5.3%,"7,206","16,958",600,"16,285",,"608,176",42.43%,39.13%
2006,District of Columbia,DC,122356,120620,466827,9.7%,0,0,0,0,,"421,545",29.03%,26.21%
2006,Florida,FL,4884544,4829270,14211669,11.8%,"92,969","272,977","4,785","234,243",,"12,300,449",39.71%,34.37%
2006,Georgia,GA,2143845,2122258,6799654,7.4%,"52,792","422,790","22,851","287,038",,"6,009,442",35.67%,31.53%
2006,Hawaii,HI,348988,344315,1012975,8.1%,"5,967",0,0,"5,967",,"924,957",37.73%,34.45%
2006,Idaho,ID,458927,450832,1072895,4.4%,"7,124","48,609","2,482","33,911",,"991,777",46.27%,42.77%
2006,Illinois,IL,3586292,3486671,9483856,9.2%,"45,106",0,0,"45,106",,"8,566,235",41.87%,37.81%
2006,Indiana,IN,1719351,1666922,4743856,3.1%,"26,091",0,0,"26,091",,"4,570,705",37.62%,36.24%
2006,Iowa,IA,1071509,1048033,2267991,2.8%,"8,875","22,622","3,560","23,746",,"2,180,741",49.14%,47.24%
2006,Kansas,KS,864083,849700,2062668,4.7%,"8,816","15,518","4,666","21,241",,"1,944,482",44.44%,41.89%
2006,Kentucky,KY,1370062,1253526,3218000,1.9%,"20,000","41,162","10,162","50,743",,"3,106,115",44.11%,42.57%
2006,Louisiana,LA,954896,902498,3239317,2.0%,"37,012","38,057","24,072","80,113",,"3,094,418",30.86%,29.48%
2006,Maine,ME,,550865,1037200,1.7%,0,0,0,0,,"1,019,568",,
2006,Maryland,MD,1809237,1788316,4261205,7.9%,"22,945","75,698","14,271","75,065",,"3,849,505",47.00%,42.46%
2006,Massachusetts,MA,2243835,2219779,4970780,8.7%,"11,032",0,0,"11,032",,"4,527,290",49.56%,45.14%
2006,Michigan,MI,3852008,3801256,7532918,3.6%,"51,577",0,0,"51,577",,"7,210,156",53.42%,51.14%
2006,Minnesota,MN,2217552,2202987,3896561,4.2%,"9,108","127,289","4,007","76,760",,"3,656,145",60.65%,56.91%
2006,Mississippi,MS,,610921,2154112,1.3%,"21,068","24,107","1,970","35,092",,"2,091,017",,
2006,Missouri,MO,2178278,2128459,4427266,2.2%,"30,167","54,963","18,374","76,023",,"4,253,843",51.21%,49.20%
2006,Montana,MT,411061,406505,734669,1.0%,"3,572",0,0,"3,572",,"723,750",56.80%,55.95%
2006,Nebraska,NE,610499,596087,1325932,4.3%,"4,407","18,731",662,"14,435",,"1,254,482",48.67%,46.04%
2006,Nevada,NV,586274,582572,1907976,14.4%,"12,901","13,208","3,518","23,023",,"1,610,204",36.41%,30.73%
2006,New Hampshire,NH,418550,403531,1006234,3.4%,"2,805",0,0,"2,805",,"969,217",43.18%,41.60%
2006,New Jersey,NJ,2315643,2250070,6565183,12.0%,"27,371","132,636","13,874","107,563",,"5,669,798",40.84%,35.27%
2006,New Mexico,NM,568597,561084,1464560,8.0%,"6,639","16,493","2,831","17,717",,"1,329,678",42.76%,38.82%
2006,New York,NY,4703830,4490053,14665626,12.4%,"63,315",0,"53,533","116,848",,"12,730,240",36.95%,32.07%
2006,North Carolina,NC,2036451,1940808,6799585,5.8%,"37,460","110,419","3,101","95,771",,"6,309,438",32.28%,29.95%
2006,North Dakota,ND,220479,218152,503647,1.5%,"1,363",0,0,"1,363",,"494,729",44.57%,43.78%
2006,Ohio,OH,4184072,4022754,8687609,2.2%,"49,166",0,0,"49,166",,"8,447,316",49.53%,48.16%
2006,Oklahoma,OK,,926462,2709819,3.9%,"26,243","27,415","4,329","44,280",,"2,559,856",,
2006,Oregon,OR,1399650,1379475,2829482,7.3%,"13,707",0,0,"13,707",,"2,609,223",53.64%,49.47%
2006,Pennsylvania,PA,,4096077,9680466,3.0%,"44,397",0,0,"44,397",,"9,345,655",,
2006,Rhode Island,RI,392882,384993,824887,8.1%,"3,996",0,0,"3,996",,"754,075",52.10%,47.63%
2006,South Carolina,SC,1117311,1091952,3332190,3.2%,"23,616","38,353","3,072","45,865",,"3,179,695",35.14%,33.53%
2006,South Dakota,SD,341105,335508,589178,1.4%,"3,359",0,"2,444","5,803",,"575,127",59.31%,57.90%
2006,Tennessee,TN,1868363,1833695,4641909,3.1%,"25,745","52,558","8,630","60,654",,"4,437,356",42.11%,40.25%
2006,Texas,TX,,4399068,17029802,13.4%,"172,116","431,967","101,916","490,016",,"14,257,793",,
2006,Utah,UT,582561,571252,1752158,7.1%,"6,430",0,0,"6,430",,"1,621,325",35.93%,33.25%
2006,Vermont,VT,263025,262726,487141,2.0%,0,0,0,0,,"477,398",55.10%,53.99%
2006,Virginia,VA,2398589,2370445,5867219,6.7%,"36,688","48,144","4,499","65,259",,"5,408,856",44.35%,40.88%
2006,Washington,WA,2085074,2083734,4861001,8.0%,"17,561","108,076","11,568","83,167",,"4,388,954",47.51%,42.89%
2006,West Virginia,WV,473014,459884,1439052,0.7%,"5,733","7,668","1,416","10,983",,"1,417,996",33.36%,32.87%
2006,Wisconsin,WI,2183155,2161700,4240696,2.9%,"23,431","55,806","15,907","67,241",,"4,050,475",53.90%,51.48%
2006,Wyoming,WY,196217,193892,400187,2.0%,"2,114","5,225",609,"5,336",,"386,847",50.72%,49.03%
2004,United States,,123535883,122294978,220336019,8.2%,"1,490,169","2,387,283","474,632","3,158,443","3,862,836","202,972,858",60.86%,56.07%
2004,Alabama,AL,1890317,1883415,3427542,1.9%,"26,521","36,795","7,745","52,664",,"3,309,755",57.11%,55.15%
2004,Alaska,AK,314502,312598,476378,4.0%,"4,515","5,547",951,"8,240",,"449,083",70.03%,66.02%
2004,Arizona,AZ,2038069,2012585,4215706,11.5%,"31,631","69,343","5,671","71,974",,"3,658,926",55.70%,48.34%
2004,Arkansas,AR,1070573,1054945,2072986,2.8%,"13,477","29,128","14,844","42,885",,"1,972,057",54.29%,51.64%
2004,California,CA,12589367,12421852,26246548,18.8%,"166,053",0,"110,261","276,314",,"21,035,883",59.85%,47.97%
2004,Colorado,CO,2148036,2129630,3443164,7.5%,"19,756",0,"7,383","27,139",,"3,157,788",68.02%,62.39%
2004,Connecticut,CT,1607808,1578769,2652587,7.3%,"20,018",0,"2,552","22,570",,"2,436,378",65.99%,60.61%
2004,Delaware,DE,377407,375190,635370,4.7%,"6,973","18,725",539,"16,875",,"588,633",64.12%,59.40%
2004,District of Columbia,DC,230105,227586,458758,10.0%,0,0,0,0,,"412,882",55.73%,50.16%
2004,Florida,FL,7640319,7609810,13643828,11.2%,"84,733","281,170","4,888","230,206",,"11,885,513",64.28%,56.00%
2004,Georgia,GA,3317336,3301875,6499325,6.8%,"48,625","419,350","23,344","281,644",,"5,775,727",57.44%,51.04%
2004,Hawaii,HI,431662,429013,982882,7.9%,"5,946",0,0,"5,946",,"899,288",48.00%,43.92%
2004,Idaho,ID,612786,598376,1016255,4.1%,"6,312","44,580","2,370","30,972",,"943,617",64.94%,60.30%
2004,Illinois,IL,5350493,5274322,9391420,9.0%,"44,379",0,0,"44,379",,"8,501,813",62.93%,56.97%
2004,Indiana,IN,2512142,2468002,4660157,2.7%,"23,760",0,0,"23,760",,"4,510,573",55.69%,53.91%
2004,Iowa,IA,1521966,1506908,2239979,2.6%,"8,611","22,832","3,317","23,344",,"2,158,396",70.51%,67.95%
2004,Kansas,KS,1213108,1187756,2032763,4.3%,"9,152","14,309","4,525","20,832",,"1,924,522",63.03%,59.68%
2004,Kentucky,KY,1816867,1795860,3157464,1.7%,"17,763","33,286","8,006","42,412",,"3,061,375",59.35%,57.54%
2004,Louisiana,LA,1956590,1943106,3379937,1.8%,"36,745","38,470","24,387","80,367",,"3,238,731",60.41%,57.89%
2004,Maine,ME,751519,740752,1022043,1.6%,0,0,0,0,,"1,005,690",74.73%,73.53%
2004,Maryland,MD,2395791,2386705,4179376,7.2%,"23,727","76,676","14,351","76,416",,"3,802,045",63.01%,57.32%
2004,Massachusetts,MA,2927455,2912388,4935787,8.4%,"10,365",0,0,"10,365",,"4,510,816",64.90%,59.31%
2004,Michigan,MI,4875692,4839252,7508568,3.4%,"48,591",0,0,"48,591",,"7,204,686",67.67%,64.94%
2004,Minnesota,MN,2842912,2828387,3819020,3.9%,"8,613","114,226","3,872","69,598",,"3,600,480",78.96%,74.44%
2004,Mississippi,MS,,1152365,2133681,1.2%,"20,429","21,324","1,979","33,070",,"2,075,007",,
2004,Missouri,MO,2764635,2731364,4339414,1.9%,"30,775","53,832","17,400","75,091",,"4,181,874",66.11%,63.71%
2004,Montana,MT,456096,450445,711858,1.0%,"3,800",0,0,"3,800",,"700,939",65.07%,64.07%
2004,Nebraska,NE,792906,778186,1305430,4.0%,"4,042","17,994",805,"13,844",,"1,239,369",63.98%,60.74%
2004,Nevada,NV,831563,829587,1776962,13.2%,"10,971","12,521","3,610","20,842",,"1,521,561",54.65%,46.80%
2004,New Hampshire,NH,683672,677738,984422,3.2%,"2,441",0,0,"2,441",,"950,479",71.93%,69.45%
2004,New Jersey,NJ,3638153,3611691,6513394,11.7%,"28,107","143,315","14,180","113,945",,"5,637,382",64.54%,55.86%
2004,New Mexico,NM,775301,756304,1411419,7.4%,"6,341","17,725","2,676","17,880",,"1,289,094",60.14%,54.93%
2004,New York,NY,7448266,7391249,14598898,12.6%,"64,596",0,"54,524","119,120",,"12,640,317",58.92%,51.02%
2004,North Carolina,NC,3552449,3501007,6505150,5.3%,"34,917","111,537","2,882","93,568",,"6,066,809",58.56%,54.61%
2004,North Dakota,ND,316049,312833,496479,1.3%,"1,266",0,0,"1,266",,"488,759",64.66%,63.66%
2004,Ohio,OH,5722443,5627908,8624277,2.0%,"44,770",0,0,"44,770",,"8,407,021",68.07%,66.35%
2004,Oklahoma,OK,,1463758,2649994,3.4%,"24,767","28,435","4,329","43,314",,"2,516,580",,
2004,Oregon,OR,1851671,1836782,2736472,6.8%,"13,219",0,0,"13,219",,"2,537,173",72.98%,67.67%
2004,Pennsylvania,PA,,5769590,9554349,2.7%,"40,692",0,0,"40,692",,"9,255,690",,
2004,Rhode Island,RI,440228,437134,827513,7.6%,"3,701","26,085",368,"17,112",,"747,510",58.89%,53.20%
2004,South Carolina,SC,1626720,1617730,3198733,2.7%,"24,173","38,856","2,217","45,818",,"3,066,549",53.05%,50.86%
2004,South Dakota,SD,394930,388215,576472,1.4%,"3,101",0,0,"3,101",,"565,300",69.86%,68.51%
2004,Tennessee,TN,2456610,2437319,4496929,2.6%,"25,834","47,392","8,410","57,940",,"4,322,069",56.84%,54.63%
2004,Texas,TX,,7410765,16284659,12.5%,"169,110","428,773","102,072","485,569",,"13,763,508",,
2004,Utah,UT,942010,927844,1664066,6.8%,"5,802",0,0,"5,802",,"1,545,108",60.97%,56.61%
2004,Vermont,VT,314220,312309,480053,2.1%,0,0,0,0,,"469,972",66.86%,65.46%
2004,Virginia,VA,3223156,3198367,5699175,6.2%,"35,472","43,470","4,392","61,599",,"5,284,227",61.00%,56.55%
2004,Washington,WA,2883499,2859084,4683829,7.4%,"16,559","125,222",120,"79,290",,"4,257,936",67.72%,61.56%
2004,West Virginia,WV,769645,755887,1425689,0.6%,"4,980","6,977","1,216","9,685",,"1,407,450",54.68%,53.98%
2004,Wisconsin,WI,3016288,2997007,4172068,2.7%,"22,905","54,970","13,883","64,273",,"3,995,149",75.50%,72.30%
2004,Wyoming,WY,245789,243428,386796,1.7%,"1,923","4,418",563,"4,695",,"375,525",65.45%,63.54%
2002,United States,,80295249,78381943,215461549,8.0%,"1,456,927","2,451,708","485,282","3,168,063","3,308,145","198,364,707",40.48%,37.27%
2002,Alabama,AL,,1364602,3371451,1.8%,"28,440","39,713","5,309","53,606",,"3,257,159",,
2002,Alaska,AK,232852,231484,457154,3.8%,"4,431","5,229",900,"7,946",,"431,836",53.92%,50.94%
2002,Arizona,AZ,1255615,1226111,3998148,11.1%,"30,741","66,485","4,587","68,571",,"3,485,783",36.02%,31.40%
2002,Arkansas,AR,814176,805696,2031787,2.6%,"12,378","27,377","12,128","38,195",,"1,940,766",41.95%,40.07%
2002,California,CA,7738821,7476351,25622609,18.8%,"163,361",0,"113,185","276,546",,"20,529,013",37.70%,30.20%
2002,Colorado,CO,1424029,1416093,3362098,7.2%,"19,085",0,"6,215","25,300",,"3,094,727",46.01%,42.36%
2002,Connecticut,CT,1090756,1022942,2617814,7.1%,"20,525",0,"2,186","22,711",,"2,409,238",45.27%,41.67%
2002,Delaware,DE,,232314,612919,4.4%,"6,879","20,201",551,"17,531",,"568,420",,
2002,District of Columbia,DC,,124228,458631,10.0%,0,0,0,0,,"412,768",,
2002,Florida,FL,5143674,5100581,13005435,10.9%,"80,352","291,315","5,223","231,233",,"11,356,610",45.29%,39.55%
2002,Georgia,GA,,2031604,6287215,6.5%,"47,004","367,349","20,822","251,501",,"5,627,045",,
2002,Hawaii,HI,385462,382110,950520,8.0%,"5,635",0,0,"5,635",,"868,843",44.36%,40.55%
2002,Idaho,ID,416533,411477,970916,4.0%,"5,825","31,361","1,961","23,467",,"908,612",45.84%,42.90%
2002,Illinois,IL,3651808,3538883,9302571,8.9%,"43,186",0,0,"43,186",,"8,431,456",43.31%,39.26%
2002,Indiana,IN,1562037,1521353,4587747,2.6%,"22,576",0,0,"22,576",,"4,445,890",35.13%,34.05%
2002,Iowa,IA,1040201,1023075,2214936,2.5%,"8,395","19,970","2,787","21,167",,"2,138,396",48.64%,46.96%
2002,Kansas,KS,851966,835692,2007407,4.1%,"9,009","15,217","3,990","20,608",,"1,904,495",44.73%,42.44%
2002,Kentucky,KY,,1131313,3100972,1.7%,"16,377","24,480","5,968","34,585",,"3,013,670",,
2002,Louisiana,LA,1267225,1246333,3312330,1.7%,"36,091","36,257","23,049","77,269",,"3,178,751",39.87%,38.26%
2002,Maine,ME,,505190,1001796,1.6%,0,0,0,0,,"985,767",,
2002,Maryland,MD,1721626,1704560,4082694,6.9%,"24,186","81,982","13,271","78,448",,"3,722,540",46.25%,42.17%
2002,Massachusetts,MA,2220301,2194189,4919958,8.2%,"10,511",0,0,"10,511",,"4,506,010",49.27%,45.13%
2002,Michigan,MI,3219864,3177565,7445335,3.4%,"49,524",0,0,"49,524",,"7,142,670",45.08%,43.25%
2002,Minnesota,MN,,2254639,3745577,3.8%,"7,612","122,692","3,577","72,535",,"3,530,710",,
2002,Mississippi,MS,,615609,2099698,1.1%,"20,542","16,633","1,816","30,675",,"2,045,926",,
2002,Missouri,MO,,1877620,4262146,1.9%,"30,649","54,584","13,533","71,474",,"4,109,691",,
2002,Montana,MT,340272,331321,690652,1.0%,"3,440",0,0,"3,440",,"680,305",50.02%,49.27%
2002,Nebraska,NE,,480991,1285024,3.8%,"4,103","16,468",574,"12,911",,"1,223,282",,
2002,Nevada,NV,512433,504079,1640679,12.7%,"10,527","12,290","3,971","20,643",,"1,411,670",36.30%,31.23%
2002,New Hampshire,NH,453078,447135,960401,3.0%,"2,483",0,0,"2,483",,"929,106",48.76%,47.18%
2002,New Jersey,NJ,2161105,2112604,6448445,11.5%,"28,213","134,290","12,576","107,934",,"5,598,940",38.60%,33.51%
2002,New Mexico,NM,502230,484229,1360130,7.0%,"6,173","16,287","1,962","16,279",,"1,248,642",40.22%,36.93%
2002,New York,NY,4690968,4579078,14504792,12.6%,"65,914",0,"55,990","121,904",,"12,555,284",37.36%,32.34%
2002,North Carolina,NC,,2331181,6314679,5.0%,"33,334","112,900","2,805","92,589",,"5,906,356",,
2002,North Dakota,ND,237224,231030,486797,1.2%,"1,168",0,0,"1,168",,"479,787",49.44%,48.73%
2002,Ohio,OH,3356285,3228992,8556557,1.9%,"45,831",0,0,"45,831",,"8,348,151",40.20%,39.22%
2002,Oklahoma,OK,,1035620,2610016,3.3%,"23,004","29,881","3,573","41,518",,"2,482,367",,
2002,Oregon,OR,1293756,1267221,2674581,6.7%,"12,422",0,0,"12,422",,"2,482,962",52.11%,48.37%
2002,Pennsylvania,PA,,3545431,9454338,2.6%,"40,545",0,0,"40,545",,"9,167,980",,
2002,Rhode Island,RI,337027,331834,819310,7.4%,"3,569","25,914",384,"16,910",,"741,771",45.44%,41.14%
2002,South Carolina,SC,,1102010,3100548,2.6%,"24,247","41,574","3,491","48,525",,"2,971,409",,
2002,South Dakota,SD,340407,337497,564305,1.3%,"3,059",0,0,"3,059",,"553,910",61.46%,60.32%
2002,Tennessee,TN,,1644741,4393757,2.5%,"25,409","42,712","7,949","54,714",,"4,229,199",,
2002,Texas,TX,4552059,4514012,15718593,12.1%,"164,222","434,486","103,068","484,533",,"13,332,110",34.14%,28.96%
2002,Utah,UT,568290,557153,1601707,6.5%,"5,594",0,0,"5,594",,"1,492,002",38.09%,35.48%
2002,Vermont,VT,232993,230161,472402,2.1%,0,0,0,0,,"462,482",50.38%,49.32%
2002,Virginia,VA,1661915,1489422,5536511,6.0%,"34,733","40,359","4,530","59,443",,"5,144,877",32.30%,30.02%
2002,Washington,WA,1808720,1739116,4553733,7.3%,"16,284","171,603",95,"102,181",,"4,119,129",43.91%,39.72%
2002,West Virginia,WV,440156,436183,1413580,0.6%,"4,703","6,430",999,"8,917",,"1,396,182",31.53%,31.14%
2002,Wisconsin,WI,,1775349,4094028,2.6%,"22,366","54,614","11,088","60,761",,"3,926,822",,
2002,Wyoming,WY,188028,185459,376121,1.6%,"1,809","4,596",570,"4,677",,"365,426",51.45%,49.99%
2000,United States,,107390107,105375486,210623408,7.7%,"1,377,013","2,339,388","536,039","3,082,746","2,937,000","194,259,660",55.28%,50.99%
2000,Alabama,AL,,1672551,3334576,1.5%,"26,225","40,178","5,484","51,798",,"3,232,759",,
2000,Alaska,AK,287825,285560,440296,3.4%,"4,173","4,779",525,"7,088",,"418,238",68.82%,65.37%
2000,Arizona,AZ,1559520,1532016,3816498,10.3%,"26,510","59,810","3,474","59,889",,"3,363,510",46.37%,40.86%
2000,Arkansas,AR,,921781,2001774,2.3%,"11,915","28,409","8,659","34,779",,"1,920,954",,
2000,California,CA,11142843,10965849,24867252,18.8%,"163,001",0,"117,647","280,648",,"19,911,561",55.96%,44.81%
2000,Colorado,CO,,1741368,3246521,6.7%,"16,833",0,"5,500","22,333",,"3,006,671",,
2000,Connecticut,CT,1474103,1459525,2575243,6.6%,"18,355","47,636","1,868","44,041",,"2,361,236",62.43%,57.24%
2000,Delaware,DE,,327529,594256,3.9%,"6,921","20,052",579,"17,526",,"553,554",,
2000,District of Columbia,DC,,201355,458301,10.2%,"7,456",0,0,"7,456",,"404,098",,
2000,Florida,FL,6138765,5963110,12475387,10.4%,"71,319","296,139","5,982","225,371",,"10,952,576",56.05%,49.21%
2000,Georgia,GA,2684951,2583208,6087332,5.9%,"44,232","321,407","21,556","226,492",,"5,501,687",48.80%,44.11%
2000,Hawaii,HI,371113,367951,923737,8.1%,"5,053",0,0,"5,053",,"843,861",43.98%,40.18%
2000,Idaho,ID,516647,501615,935443,3.8%,"5,535","35,103","1,409","24,496",,"875,400",59.02%,55.23%
2000,Illinois,IL,4932192,4742123,9208908,8.7%,"45,281",0,0,"45,281",,"8,362,452",58.98%,53.56%
2000,Indiana,IN,2246348,2182295,4527523,2.3%,"20,125",0,0,"20,125",,"4,403,265",51.02%,49.62%
2000,Iowa,IA,,1315563,2199529,2.4%,"7,955","21,147","2,763","21,292",,"2,125,448",,
2000,Kansas,KS,1092716,1072216,1983933,3.9%,"8,344",0,"3,829","12,173",,"1,894,387",57.68%,55.08%
2000,Kentucky,KY,1568058,1544107,3059582,1.5%,"14,919","19,620","4,614","29,343",,"2,984,345",52.54%,51.25%
2000,Louisiana,LA,1776133,1765656,3260060,1.6%,"35,207","35,854","22,860","75,994",,"3,131,905",56.71%,54.48%
2000,Maine,ME,,651817,979314,1.5%,0,0,0,0,,"964,624",,
2000,Maryland,MD,2036455,2025480,3972224,6.4%,"23,538","81,523","13,666","77,966",,"3,640,036",55.95%,51.27%
2000,Massachusetts,MA,2736006,2704984,4870470,8.0%,0,0,0,0,,"4,480,832",61.06%,56.18%
2000,Michigan,MI,4279299,4232501,7370524,3.3%,"47,718",0,0,"47,718",,"7,079,579",60.45%,58.06%
2000,Minnesota,MN,2458303,2438657,3662005,3.7%,"6,238","115,906","3,072","67,263",,"3,459,248",71.06%,67.13%
2000,Mississippi,MS,,994184,2076861,1.0%,"20,241","15,118","1,596","29,396",,"2,026,696",,
2000,Missouri,MO,,2359892,4190073,1.8%,"27,382","53,299","12,563","66,595",,"4,048,057",,
2000,Montana,MT,417916,410986,676065,0.9%,"3,105",0,0,"3,105",,"666,875",62.67%,61.82%
2000,Nebraska,NE,707223,696983,1266496,3.4%,"3,895","21,483",476,"15,113",,"1,208,322",58.53%,55.84%
2000,Nevada,NV,613360,608970,1523209,11.8%,"10,063","12,189","4,056","20,214",,"1,323,256",46.35%,40.27%
2000,New Hampshire,NH,578656,569081,934176,2.7%,"2,257",0,0,"2,257",,"906,696",63.82%,61.94%
2000,New Jersey,NJ,3293378,3187226,6356954,11.0%,"29,784","130,610","11,709","106,798",,"5,550,891",59.33%,51.81%
2000,New Mexico,NM,615607,598605,1318129,6.4%,"5,342","10,461","1,670","12,243",,"1,221,526",50.40%,46.70%
2000,New York,NY,6960215,6821999,14344348,12.7%,"70,198",0,"57,858","128,056",,"12,394,560",56.16%,48.52%
2000,North Carolina,NC,3015964,2911262,6143214,4.6%,"31,532","105,949","3,352","87,859",,"5,772,767",52.24%,49.09%
2000,North Dakota,ND,292249,288256,482078,1.2%,"1,076",0,0,"1,076",,"475,217",61.50%,60.62%
2000,Ohio,OH,4795989,4705457,8487355,1.8%,"45,833",0,0,"45,833",,"8,288,750",57.86%,56.51%
2000,Oklahoma,OK,,1234229,2568304,2.9%,"23,181","30,969","1,825","40,491",,"2,453,332",,
2000,Oregon,OR,1559215,1533968,2595354,6.4%,"10,580",0,0,"10,580",,"2,418,671",64.47%,60.08%
2000,Pennsylvania,PA,,4912185,9375146,2.4%,"36,847",0,0,"36,847",,"9,113,295",,
2000,Rhode Island,RI,412074,408783,804417,6.9%,"3,286","20,922",331,"14,078",,"734,834",56.08%,51.23%
2000,South Carolina,SC,1433533,1382717,3025380,2.2%,"21,778","44,632","4,378","48,472",,"2,910,350",49.26%,47.38%
2000,South Dakota,SD,322159,316269,554875,1.2%,"2,616",0,0,"2,616",,"545,601",59.05%,58.06%
2000,Tennessee,TN,2100241,2076181,4316391,2.2%,"22,166","40,682","8,093","50,600",,"4,170,830",50.36%,48.66%
2000,Texas,TX,6407637,6407037,15138468,11.4%,"166,719","441,848","111,719","499,362",,"12,913,321",49.62%,42.33%
2000,Utah,UT,784582,770754,1534950,6.1%,"5,632",0,0,"5,632",,"1,435,686",54.65%,51.11%
2000,Vermont,VT,297146,294308,463503,2.0%,0,0,0,0,,"454,233",65.42%,64.11%
2000,Virginia,VA,2789808,2739447,5389008,5.6%,"30,168","33,955","5,148","52,294",,"5,034,930",55.41%,51.77%
2000,Washington,WA,2517028,2487433,4419907,6.9%,"14,915","154,466",160,"92,308",,"4,022,625",62.57%,56.95%
2000,West Virginia,WV,,648124,1405021,0.6%,"3,856","6,216","1,112","8,076",,"1,388,515",,
2000,Wisconsin,WI,,2598607,4016401,2.4%,"20,612","53,242","9,923","57,156",,"3,862,851",,
2000,Wyoming,WY,221685,213726,366639,1.5%,"1,680","4,115",514,"4,252",,"356,887",62.12%,60.46%
1998,United States,,74825832,72537000,205313182,7.3%,"1,285,469","2,236,975","515,924","2,919,881","2,937,000","190,342,439",39.31%,36.44%
1998,Alabama,AL,,1317842,3293917,1.3%,"22,676","40,379","5,221","48,087",,"3,203,009",,
1998,Alaska,AK,227156,223300,429317,3.2%,"4,097","4,274",478,"6,712",,"408,867",55.56%,52.91%
1998,Arizona,AZ,1037550,1017616,3628841,9.4%,"25,311","51,329","3,742","54,718",,"3,233,012",32.09%,28.59%
1998,Arkansas,AR,,706011,1951741,1.9%,"10,638","28,698","6,979","31,966",,"1,882,692",,
1998,California,CA,8617649,8381871,23980067,18.5%,"161,904",0,"108,424","270,328",,"19,273,427",44.71%,35.94%
1998,Colorado,CO,,1327235,3085075,6.0%,"14,312",0,"5,204","19,516",,"2,880,455",,
1998,Connecticut,CT,1022453,999537,2544417,6.2%,"17,605","55,000","1,396","46,501",,"2,340,162",43.69%,40.18%
1998,Delaware,DE,,180527,576849,3.4%,"5,558","20,030",572,"16,145",,"541,091",,
1998,District of Columbia,DC,137523,135501,452668,9.8%,"9,829",0,0,"9,829",,"398,478",34.51%,30.38%
1998,Florida,FL,4070262,3965751,12001902,10.0%,"67,224","283,965","6,487","215,694",,"10,586,018",38.45%,33.91%
1998,Georgia,GA,1842145,1792880,5828114,5.2%,"39,262","278,669","20,482","199,079",,"5,325,973",34.59%,31.61%
1998,Hawaii,HI,412520,407556,910645,8.1%,"4,924",0,0,"4,924",,"831,959",49.58%,45.30%
1998,Idaho,ID,386720,381248,896422,3.5%,"4,083","31,172","1,309","20,978",,"844,069",45.82%,43.14%
1998,Illinois,IL,3541379,3394521,9070725,8.2%,"43,051",0,0,"43,051",,"8,283,875",42.75%,39.04%
1998,Indiana,IN,1618689,1588617,4457578,2.0%,"19,197",0,0,"19,197",,"4,349,229",37.22%,36.31%
1998,Iowa,IA,973032,956415,2176940,2.1%,"7,394","18,447","2,194","18,812",,"2,112,412",46.06%,44.70%
1998,Kansas,KS,743288,727236,1955236,3.5%,"8,183",0,"6,025","14,208",,"1,872,595",39.69%,38.02%
1998,Kentucky,KY,1215053,1145414,2999287,1.3%,"14,987","17,594","4,508","28,292",,"2,932,004",41.44%,40.51%
1998,Louisiana,LA,990243,969165,3216121,1.6%,"32,228","33,028","18,759","67,501",,"3,097,162",31.97%,30.79%
1998,Maine,ME,,486808,957916,1.5%,0,0,0,0,,"943,547",,
1998,Maryland,MD,1556994,1535978,3879108,6.0%,"22,572","78,051","15,528","77,126",,"3,569,236",43.62%,40.14%
1998,Massachusetts,MA,1935277,1903336,4793966,7.6%,0,0,0,0,,"4,429,625",43.69%,40.37%
1998,Michigan,MI,3143432,3036886,7276123,3.1%,"45,879",0,0,"45,879",,"7,004,684",44.88%,43.20%
1998,Minnesota,MN,2105343,2091766,3555108,3.3%,"5,572","100,818","2,995","58,976",,"3,378,813",62.31%,59.22%
1998,Mississippi,MS,,550694,2038324,0.9%,"16,678","11,530","1,489","23,932",,"1,996,047",,
1998,Missouri,MO,,1576857,4106478,1.7%,"24,974","49,992","10,366","60,336",,"3,976,332",,
1998,Montana,MT,338733,331551,662582,0.9%,"2,734",0,0,"2,734",,"653,885",51.80%,51.12%
1998,Nebraska,NE,581775,545238,1247656,3.0%,"3,676","16,527",624,"12,564",,"1,197,662",48.58%,46.63%
1998,Nevada,NV,440042,435790,1402851,10.7%,"9,651","12,561","4,055","19,987",,"1,232,759",35.70%,31.37%
1998,New Hampshire,NH,330555,318940,903630,2.5%,"2,169",0,0,"2,169",,"878,870",37.61%,36.58%
1998,New Jersey,NJ,1894496,1813094,6261197,10.3%,"31,121","129,377","13,218","109,028",,"5,507,266",34.40%,30.26%
1998,New Mexico,NM,517355,498703,1286104,5.8%,"4,985","10,397","1,773","11,957",,"1,199,553",43.13%,40.23%
1998,New York,NY,4989877,4735236,14139223,12.4%,"70,001",0,"59,548","129,549",,"12,256,410",40.71%,35.29%
1998,North Carolina,NC,,2012143,5948653,3.9%,"31,961","105,227","5,806","90,381",,"5,626,275",,
1998,North Dakota,ND,217584,213358,481790,1.1%,915,0,0,915,,"475,575",45.75%,45.16%
1998,Ohio,OH,3534782,3404351,8424249,1.6%,"48,450",0,0,"48,450",,"8,241,011",42.89%,41.96%
1998,Oklahoma,OK,,873585,2518285,2.6%,"20,892","29,093","1,532","36,971",,"2,415,839",,
1998,Oregon,OR,1160400,1117747,2526500,5.8%,"8,927",0,0,"8,927",,"2,371,036",48.94%,45.93%
1998,Pennsylvania,PA,,3025152,9314795,2.2%,"36,377",0,0,"36,377",,"9,073,493",,
1998,Rhode Island,RI,309835,306445,790726,6.6%,"3,445","21,049",432,"14,402",,"724,136",42.79%,39.18%
1998,South Carolina,SC,1092430,1077135,2931120,1.9%,"21,764","46,482","4,404","49,409",,"2,826,020",38.66%,37.27%
1998,South Dakota,SD,266355,262111,543074,1.1%,"2,422",0,0,"2,422",,"534,678",49.82%,49.05%
1998,Tennessee,TN,1026017,976236,4217608,1.9%,"17,738","38,924","7,605","44,805",,"4,092,668",25.07%,24.33%
1998,Texas,TX,,3738078,14504988,10.6%,"144,510","443,688","109,820","476,174",,"12,491,285",,
1998,Utah,UT,506553,494909,1467078,5.5%,"4,453",0,0,"4,453",,"1,381,936",36.66%,34.53%
1998,Vermont,VT,224382,218120,453574,1.9%,0,0,0,0,,"444,956",50.43%,49.47%
1998,Virginia,VA,,1148861,5222121,5.2%,"30,276","30,576","6,700","52,264",,"4,898,307",,
1998,Washington,WA,1939421,1902482,4294765,6.4%,"14,161","152,140",375,"90,606",,"3,929,294",49.36%,45.16%
1998,West Virginia,WV,405139,351277,1403549,0.5%,"3,478","6,511",975,"7,709",,"1,388,822",29.17%,28.87%
1998,Wisconsin,WI,,1760836,3945060,2.2%,"18,613","54,232","9,282","55,011",,"3,803,258",,
1998,Wyoming,WY,178401,174888,359119,1.4%,"1,571","3,825",448,"3,932",,"350,159",50.95%,49.68%
1996,United States,,,96262935,200015917,6.8%,"1,162,253","1,865,990","491,165","2,586,413","2,499,256","186,327,678",,
1996,Alabama,AL,,1534349,3227688,1.2%,"21,760","37,865","4,966","45,659",,"3,143,297",,
1996,Alaska,AK,245212,241620,423702,3.1%,"3,716","3,999",642,"6,358",,"404,209",60.66%,57.87%
1996,Arizona,AZ,1431342,1404405,3414380,8.4%,"22,493","40,607","3,785","46,582",,"3,080,990",46.46%,41.92%
1996,Arkansas,AR,,884262,1903094,1.6%,"9,407","25,178","5,459","27,455",,"1,845,189",,
1996,California,CA,10263490,10019484,23076427,18.1%,"146,049",0,"99,578","245,627",,"18,653,967",55.02%,44.48%
1996,Colorado,CO,,1510704,2939929,5.2%,"12,483",0,"3,294","15,777",,"2,771,276",,
1996,Connecticut,CT,1410746,1392614,2528212,5.8%,"15,007","55,978","1,083","44,079",,"2,337,497",60.35%,55.80%
1996,Delaware,DE,277418,270810,559598,3.0%,"5,110","16,528",591,"13,965",,"528,845",52.46%,49.57%
1996,District of Columbia,DC,189210,185726,450182,9.3%,"9,376",0,0,"9,376",,"398,939",47.43%,42.03%
1996,Florida,FL,5444245,5300927,11509122,9.5%,"63,763","237,117","9,243","191,565",,"10,224,190",53.25%,47.30%
1996,Georgia,GA,2374650,2298899,5555577,4.4%,"35,139","143,457","21,146","128,014",,"5,183,118",45.82%,42.74%
1996,Hawaii,HI,370230,360120,895753,8.0%,"4,011",0,0,"4,011",,"820,082",45.15%,41.33%
1996,Idaho,ID,508030,489481,856420,3.2%,"3,832",0,0,"3,832",,"825,183",61.57%,59.32%
1996,Illinois,IL,4418270,4311391,8927254,7.5%,"38,852",0,0,"38,852",,"8,218,858",53.76%,49.49%
1996,Indiana,IN,2195224,2135431,4397367,1.8%,"16,960",0,0,"16,960",,"4,301,254",51.04%,49.92%
1996,Iowa,IA,1251983,1234075,2154320,1.8%,"6,342","15,386","2,200","16,235",,"2,099,307",59.64%,58.11%
1996,Kansas,KS,1073520,1063452,1922601,3.0%,"7,756",0,0,"7,756",,"1,857,167",57.80%,55.84%
1996,Kentucky,KY,1419592,1388707,2938362,1.2%,"12,910","11,689","4,621","23,376",,"2,879,726",49.30%,48.31%
1996,Louisiana,LA,1804640,1783959,3163302,1.5%,"26,776",0,0,"26,776",,"3,089,076",58.42%,57.05%
1996,Maine,ME,,605897,944106,1.5%,0,0,0,0,,"929,944",,
1996,Maryland,MD,1793991,1780870,3817454,5.6%,"22,050","70,553","16,246","73,573",,"3,530,104",50.82%,46.99%
1996,Massachusetts,MA,2600278,2559180,4723380,7.2%,0,0,0,0,,"4,383,297",59.32%,55.05%
1996,Michigan,MI,3912261,3848844,7201527,2.8%,"42,349",0,0,"42,349",,"6,957,535",56.23%,54.33%
1996,Minnesota,MN,2211161,2192640,3473117,2.9%,"5,158","90,202","2,377","52,636",,"3,319,761",66.61%,63.67%
1996,Mississippi,MS,,893857,1986327,0.8%,"13,859","10,376","1,326","20,373",,"1,950,063",,
1996,Missouri,MO,,2158065,4035666,1.5%,"22,003","42,386","13,087","56,283",,"3,918,848",,
1996,Montana,MT,417232,407083,652991,0.9%,"2,293",0,0,"2,293",,"644,821",64.71%,63.90%
1996,Nebraska,NE,686749,677415,1230047,2.5%,"3,287","14,363",688,"11,157",,"1,188,139",57.80%,55.83%
1996,Nevada,NV,467657,464279,1271617,9.5%,"8,439","9,760","3,216","16,535",,"1,134,278",41.23%,36.78%
1996,New Hampshire,NH,513700,499053,878569,2.4%,"2,062",0,0,"2,062",,"855,421",60.05%,58.47%
1996,New Jersey,NJ,3105110,3075860,6152216,9.6%,"27,490","125,881","14,545","104,976",,"5,456,627",56.91%,50.47%
1996,New Mexico,NM,579763,556074,1249597,5.3%,"4,724","8,903","1,426","10,602",,"1,172,766",49.44%,46.40%
1996,New York,NY,6439129,6316129,13942462,11.8%,"69,709",0,"57,137","126,846",,"12,170,405",52.91%,46.18%
1996,North Carolina,NC,,2515807,5717844,3.3%,"30,647","102,483","12,358","94,247",,"5,434,908",,
1996,North Dakota,ND,271850,266411,481497,1.0%,722,0,0,722,,"475,960",57.12%,56.46%
1996,Ohio,OH,4638108,4534434,8366250,1.5%,"46,174",0,"6,331","52,505",,"8,188,251",56.64%,55.44%
1996,Oklahoma,OK,1218248,1206713,2461718,2.3%,"19,593","28,090","2,159","35,797",,"2,369,301",51.42%,49.49%
1996,Oregon,OR,1399180,1377760,2445442,5.2%,"8,661",0,0,"8,661",,"2,309,618",60.58%,57.22%
1996,Pennsylvania,PA,,4506118,9283893,2.0%,"34,537",0,0,"34,537",,"9,063,678",,
1996,Rhode Island,RI,,390247,781307,6.4%,"3,271","20,446",573,"14,067",,"717,236",,
1996,South Carolina,SC,1203486,1151422,2825088,1.7%,"20,446","42,417","5,036","46,691",,"2,730,371",44.08%,42.60%
1996,South Dakota,SD,329316,323826,537038,1.0%,"2,063",0,0,"2,063",,"529,605",62.18%,61.32%
1996,Tennessee,TN,,1894105,4094014,1.6%,"15,626","37,002","8,934","43,061",,"3,985,449",,
1996,Texas,TX,,5611644,13887542,9.8%,"132,383","429,329","112,594","459,642",,"12,066,921",,
1996,Utah,UT,691016,665629,1394017,4.8%,0,0,0,0,,"1,327,104",52.07%,49.57%
1996,Vermont,VT,261469,258449,443874,1.8%,0,0,0,0,,"435,884",59.99%,58.91%
1996,Virginia,VA,2468229,2416642,5106297,4.7%,"27,655","29,620","9,918","52,383",,"4,813,918",51.27%,48.34%
1996,Washington,WA,2293895,2253867,4147127,5.8%,"12,527","125,780",560,"75,977",,"3,830,617",59.88%,55.31%
1996,West Virginia,WV,653331,636459,1400343,0.5%,"2,749","5,669",869,"6,453",,"1,386,888",47.11%,46.66%
1996,Wisconsin,WI,,2196169,3886906,2.0%,"12,991","47,292","8,222","44,859",,"3,764,309",,
1996,Wyoming,WY,215844,211571,353354,1.3%,"1,499","3,432",364,"3,579",,"345,181",62.53%,61.08%
1994,United States,,,75105860,195258350,6.4%,"1,037,855","1,778,797","513,686","2,440,940","2,228,514","182,549,390",,
1994,Alabama,AL,,1201969,3170782,1.0%,"19,573","32,284","7,235","42,950",,"3,096,124",,
1994,Alaska,AK,216668,213404,417053,3.0%,"3,292","2,899",412,"5,154",,"399,387",54.25%,51.95%
1994,Arizona,AZ,1153724,1129607,3169857,7.5%,"19,746","34,365","4,351","41,280",,"2,890,838",39.91%,36.40%
1994,Arkansas,AR,,716840,1849361,1.3%,"8,643","19,606","5,224","23,670",,"1,801,649",,
1994,California,CA,8900593,8658881,22721586,17.7%,"125,605",0,"85,082","210,687",,"18,489,178",48.14%,39.17%
1994,Colorado,CO,1173130,1116307,2785952,4.5%,"10,717",0,"2,463","13,180",,"2,647,404",44.31%,42.11%
1994,Connecticut,CT,1163829,1147084,2515100,5.5%,"14,380","53,453","1,146","42,253",,"2,334,517",49.85%,46.27%
1994,Delaware,DE,201560,199029,540474,2.6%,"4,466","15,507","1,029","13,249",,"513,173",39.28%,37.29%
1994,District of Columbia,DC,186316,183649,463680,8.8%,"10,949",0,0,"10,949",,"411,927",45.23%,40.18%
1994,Florida,FL,4305340,4206659,11016840,9.1%,"57,168","247,014","20,573","201,248",,"9,813,060",43.87%,39.08%
1994,Georgia,GA,,1545328,5293282,3.7%,"33,425","140,694","17,505","121,277",,"4,976,154",,
1994,Hawaii,HI,377011,369013,882189,7.9%,"3,333",0,0,"3,333",,"809,163",46.59%,42.74%
1994,Idaho,ID,419330,413346,809957,2.8%,"2,811",0,0,"2,811",,"784,467",53.45%,51.77%
1994,Illinois,IL,3219122,3106566,8819582,6.9%,"36,531",0,0,"36,531",,"8,174,500",39.38%,36.50%
1994,Indiana,IN,1609481,1543568,4315664,1.5%,"15,014",0,0,"15,014",,"4,235,915",38.00%,37.29%
1994,Iowa,IA,1022372,997248,2128370,1.6%,"5,437","15,902","3,696","17,084",,"2,077,232",49.22%,48.04%
1994,Kansas,KS,836251,820846,1893521,2.6%,"6,371",0,0,"6,371",,"1,837,918",45.50%,44.16%
1994,Kentucky,KY,827541,784299,2879413,1.0%,"11,066","11,417","4,380","21,155",,"2,829,464",29.25%,28.74%
1994,Louisiana,LA,893758,826837,3109456,1.5%,"24,063",0,0,"24,063",,"3,038,751",29.41%,28.74%
1994,Maine,ME,,511733,932164,1.5%,0,0,0,0,,"918,182",,
1994,Maryland,MD,1437450,1410299,3751305,5.2%,"20,998","76,940","14,795","74,263",,"3,481,974",41.28%,38.32%
1994,Massachusetts,MA,2232186,2179945,4668100,6.7%,0,0,0,0,,"4,355,337",51.25%,47.82%
1994,Michigan,MI,3177740,3089077,7081498,2.6%,"40,631",0,0,"40,631",,"6,856,748",46.34%,44.87%
1994,Minnesota,MN,1794618,1772929,3385687,2.5%,"4,575","81,972","1,904","47,465",,"3,253,580",55.16%,53.01%
1994,Mississippi,MS,621096,608085,1935054,0.7%,"10,930","9,042","1,519","16,970",,"1,904,539",32.61%,32.10%
1994,Missouri,MO,,1775116,3958762,1.3%,"17,898","36,295","12,592","48,638",,"3,858,660",,
1994,Montana,MT,359455,350387,629335,0.8%,"1,764",0,0,"1,764",,"622,536",57.74%,57.12%
1994,Nebraska,NE,593654,579561,1201826,2.0%,"2,711","18,639",771,"12,802",,"1,164,987",50.96%,49.40%
1994,Nevada,NV,386582,380530,1143487,8.4%,"6,993","9,410","3,529","15,227",,"1,032,207",37.45%,33.81%
1994,New Hampshire,NH,319443,311882,851104,2.3%,"2,021",0,0,"2,021",,"829,508",38.51%,37.53%
1994,New Jersey,NJ,2131328,2054887,6059401,8.9%,"24,632","125,299","41,802","129,084",,"5,391,030",39.53%,35.17%
1994,New Mexico,NM,485709,467621,1195183,4.9%,"3,712","8,063","1,078","8,822",,"1,127,797",43.07%,40.64%
1994,New York,NY,5325323,5203762,13861352,11.2%,"66,750",0,"53,832","120,582",,"12,188,299",43.69%,38.42%
1994,North Carolina,NC,,1588190,5477604,2.6%,"23,648","90,418","20,159","89,016",,"5,246,170",,
1994,North Dakota,ND,240430,236547,473993,0.9%,563,0,0,563,,"469,164",51.25%,50.72%
1994,Ohio,OH,3540954,3436884,8292312,1.4%,"43,074",0,0,"43,074",,"8,133,146",43.54%,42.70%
1994,Oklahoma,OK,1002363,995012,2410272,2.0%,"16,631","28,285","2,604","33,378",,"2,328,689",43.04%,41.59%
1994,Oregon,OR,1254265,1221010,2344505,4.6%,"6,936",0,0,"6,936",,"2,229,722",56.25%,53.50%
1994,Pennsylvania,PA,,3585526,9241090,1.8%,"28,302",0,0,"28,302",,"9,046,448",,
1994,Rhode Island,RI,,361377,776723,6.2%,"2,919","18,179",525,"12,534",,"716,032",,
1994,South Carolina,SC,951901,934886,2747987,1.4%,"18,999","40,005","6,077","45,079",,"2,664,436",35.73%,34.64%
1994,South Dakota,SD,318090,311613,524910,0.8%,"1,708",0,0,"1,708",,"519,003",61.29%,60.60%
1994,Tennessee,TN,,1487130,3945407,1.4%,"14,401","34,896","9,353","41,202",,"3,848,969",,
1994,Texas,TX,,4396242,13334014,8.9%,"118,195","396,276","108,563","424,896",,"11,722,391",,
1994,Utah,UT,532737,517790,1302522,4.1%,0,0,0,0,,"1,249,119",42.65%,40.90%
1994,Vermont,VT,216715,211449,434549,1.7%,0,0,0,0,,"427,162",50.73%,49.87%
1994,Virginia,VA,,2057463,4983515,4.3%,"26,968","24,089","9,649","48,662",,"4,720,562",,
1994,Washington,WA,1733471,1700173,3994036,5.3%,"10,833","110,279","1,650","67,623",,"3,714,729",46.66%,43.40%
1994,West Virginia,WV,439551,420936,1392499,0.5%,"1,930","5,992","1,380","6,306",,"1,379,231",31.87%,31.57%
1994,Wisconsin,WI,,1565628,3801543,1.8%,"10,022","45,901","7,065","40,038",,"3,693,077",,
1994,Wyoming,WY,204025,201710,344492,1.2%,"1,217","3,367",313,"3,214",,"337,144",60.52%,59.22%
1992,United States,,,104405155,190777923,6.0%,"866,945","1,648,767","491,856","2,183,185","2,417,648","179,565,711",,
1992,Alabama,AL,,1688060,3096959,0.9%,"17,453","31,188","6,934","39,981",,"3,029,105",,
1992,Alaska,AK,261427,258506,406653,2.9%,"2,865","3,014",710,"5,082",,"389,778",67.07%,64.29%
1992,Arizona,AZ,1516276,1486975,2897181,6.5%,"16,477","34,647","3,588","37,389",,"2,671,475",56.76%,52.34%
1992,Arkansas,AR,,950653,1789420,1.0%,"8,285","16,448","3,460","19,969",,"1,751,557",,
1992,California,CA,11374565,11131721,22573381,17.3%,"109,496",0,"87,725","197,221",,"18,470,965",61.58%,50.39%
1992,Colorado,CO,1597166,1569180,2602217,3.7%,"8,997",0,"2,634","11,631",,"2,494,304",64.03%,61.38%
1992,Connecticut,CT,1645609,1616332,2521774,5.1%,"11,403","48,567",483,"36,170",,"2,356,994",69.82%,65.26%
1992,Delaware,DE,290836,289735,523661,2.2%,"4,062","14,887","1,120","12,626",,"499,514",58.22%,55.54%
1992,District of Columbia,DC,231445,227572,477564,8.3%,"10,845",0,0,"10,845",,"427,081",54.19%,48.46%
1992,Florida,FL,5438612,5314392,10591116,8.7%,"48,302","200,471","14,021","162,559",,"9,507,130",57.21%,51.35%
1992,Georgia,GA,,2311253,5037354,2.9%,"25,290","153,154","23,020","124,887",,"4,766,384",,
1992,Hawaii,HI,382882,372842,866114,7.9%,"2,926",0,0,"2,926",,"794,765",48.18%,44.21%
1992,Idaho,ID,491725,482142,756119,2.5%,"2,256",0,0,"2,256",,"734,960",66.90%,65.03%
1992,Illinois,IL,5164357,5050157,8688184,6.2%,"31,640",0,0,"31,640",,"8,117,877",63.62%,59.44%
1992,Indiana,IN,2347912,2305871,4230602,1.3%,"13,945",0,0,"13,945",,"4,161,659",56.42%,55.50%
1992,Iowa,IA,1360856,1354607,2098809,1.3%,"4,518","14,084","2,065","13,625",,"2,057,899",66.13%,64.84%
1992,Kansas,KS,1161044,1157335,1857444,2.2%,"6,028",0,0,"6,028",,"1,810,552",64.13%,62.51%
1992,Kentucky,KY,,1492900,2814763,0.8%,"10,364","10,750","3,684","19,423",,"2,772,822",,
1992,Louisiana,LA,1799596,1790017,3063068,1.5%,"20,980",0,0,"20,980",,"2,996,142",60.06%,58.75%
1992,Maine,ME,,679499,928998,1.5%,0,0,0,0,,"915,063",,
1992,Maryland,MD,1999486,1985046,3695298,4.9%,"19,977","82,948","13,058","74,509",,"3,439,719",58.13%,54.11%
1992,Massachusetts,MA,2822962,2773700,4640629,6.3%,0,0,0,0,,"4,348,269",64.92%,60.83%
1992,Michigan,MI,4341909,4274673,6990822,2.4%,"39,113",0,0,"39,113",,"6,783,929",64.00%,62.11%
1992,Minnesota,MN,2355796,2347948,3298080,2.1%,"3,822","72,938","1,901","42,192",,"3,186,628",73.93%,71.43%
1992,Mississippi,MS,1008019,981793,1882100,0.6%,"8,905","8,031","2,357","15,278",,"1,855,529",54.33%,53.56%
1992,Missouri,MO,,2391565,3880005,1.1%,"16,195","32,692","11,671","44,212",,"3,793,113",,
1992,Montana,MT,417564,410611,599859,0.8%,"1,548",0,0,"1,548",,"593,512",70.35%,69.61%
1992,Nebraska,NE,744548,737546,1178965,1.6%,"2,514","15,386",697,"10,904",,"1,149,198",64.79%,63.15%
1992,Nevada,NV,513387,506318,1028056,7.2%,"6,049","8,533","3,246","13,562",,"940,474",54.59%,49.94%
1992,New Hampshire,NH,545197,537943,833997,2.2%,"1,777",0,0,"1,777",,"813,872",66.99%,65.37%
1992,New Jersey,NJ,3348312,3343594,6000364,8.1%,"22,653","108,093","36,120","112,820",,"5,401,515",61.99%,55.80%
1992,New Mexico,NM,590901,569986,1131081,4.4%,"3,271","6,921","1,331","8,063",,"1,073,250",55.06%,52.24%
1992,New York,NY,7068630,6926925,13799670,10.6%,"61,736",0,"50,004","111,740",,"12,225,165",57.82%,51.22%
1992,North Carolina,NC,,2611850,5259564,2.0%,"20,454","86,371","14,415","78,055",,"5,076,318",,
1992,North Dakota,ND,315199,308133,467130,0.9%,477,0,0,477,,"462,449",68.16%,67.48%
1992,Ohio,OH,5043094,4939967,8208502,1.3%,"38,378",0,0,"38,378",,"8,063,413",62.54%,61.44%
1992,Oklahoma,OK,1455635,1390359,2366029,1.8%,"14,821","25,902","2,758","30,530",,"2,292,910",63.48%,61.52%
1992,Oregon,OR,1498959,1462643,2241507,4.0%,"6,583",0,0,"6,583",,"2,145,264",69.87%,66.87%
1992,Pennsylvania,PA,,4949810,9188416,1.7%,"24,974",0,0,"24,974",,"9,007,239",,
1992,Rhode Island,RI,,453471,779266,6.0%,"2,775","15,585",483,"11,051",,"721,459",,
1992,South Carolina,SC,1234712,1202527,2683852,1.2%,"18,643","35,587","5,325","41,762",,"2,609,884",47.31%,46.01%
1992,South Dakota,SD,,336254,508841,0.7%,"1,487",0,0,"1,487",,"503,792",,
1992,Tennessee,TN,,1982638,3811036,1.1%,"11,849","38,614","11,819","42,975",,"3,726,140",,
1992,Texas,TX,,6154018,12747860,8.1%,"60,467","360,702","121,141","361,959",,"11,353,324",,
1992,Utah,UT,784988,743999,1203861,3.4%,0,0,0,0,,"1,162,930",67.50%,65.21%
1992,Vermont,VT,292797,289701,426860,1.7%,0,0,0,0,,"419,603",69.78%,68.59%
1992,Virginia,VA,,2558665,4856799,3.9%,"21,199","23,510","11,372","44,326",,"4,623,058",,
1992,Washington,WA,2324907,2288230,3827227,4.7%,"9,959","103,837","7,850","69,728",,"3,577,619",64.98%,60.75%
1992,West Virginia,WV,,683762,1377282,0.5%,"1,674","5,688",988,"5,506",,"1,364,890",,
1992,Wisconsin,WI,,2531114,3712414,1.6%,"8,191","40,424","5,560","33,963",,"3,619,052",,
1992,Wyoming,WY,203602,200617,331170,1.1%,"1,063","3,310",404,"3,122",,"324,405",62.76%,61.48%
1990,United States,,,67859189,186158841,5.5%,"761,106","1,489,999","395,140","1,901,246","2,659,455","176,678,314",,
1990,Alabama,AL,,1215889,3012797,0.7%,"15,665","27,686","5,970","35,478",,"2,956,229",,
1990,Alaska,AK,197540,194750,379863,2.8%,"2,622","3,599",568,"4,990",,"364,237",54.23%,52.00%
1990,Arizona,AZ,1094735,1055406,2705468,5.5%,"14,861","30,397","2,711","32,771",,"2,523,896",43.37%,40.46%
1990,Arkansas,AR,,696209,1742746,0.7%,"7,322","15,983","3,971","19,285",,"1,711,262",,
1990,California,CA,7899131,7699420,22061053,17.0%,"97,309",0,"67,562","164,871",,"18,145,803",43.53%,35.81%
1990,Colorado,CO,1046139,1022027,2447513,2.9%,"7,671",0,"2,396","10,067",,"2,366,468",44.21%,42.74%
1990,Connecticut,CT,1159361,1141101,2538398,4.7%,"10,500","46,640",291,"34,111",,"2,384,982",48.61%,45.67%
1990,Delaware,DE,183977,180152,507016,1.9%,"3,471","12,223","1,283","10,866",,"486,517",37.82%,36.29%
1990,District of Columbia,DC,171677,169066,489808,7.8%,"9,947",0,0,"9,947",,"441,656",38.87%,35.05%
1990,Florida,FL,,3530871,10137720,8.3%,"44,387","210,781","2,064","151,842",,"9,144,447",,
1990,Georgia,GA,,1449652,4803269,2.1%,"22,411","134,840","22,646","112,477",,"4,589,923",,
1990,Hawaii,HI,354144,349666,838633,7.8%,"2,533",0,0,"2,533",,"770,687",45.95%,42.23%
1990,Idaho,ID,328340,320610,707535,2.2%,"1,961",0,0,"1,961",,"690,008",47.58%,46.41%
1990,Illinois,IL,3420720,3257410,8535069,5.6%,"27,516",0,0,"27,516",,"8,029,589",42.60%,40.08%
1990,Indiana,IN,1566371,1502687,4135602,1.0%,"12,736",0,0,"12,736",,"4,081,510",38.38%,37.88%
1990,Iowa,IA,1004908,983933,2065490,1.0%,"3,967","13,895","2,111","13,026",,"2,031,809",49.46%,48.65%
1990,Kansas,KS,805251,786096,1821368,1.8%,"5,775",0,0,"5,775",,"1,782,808",45.17%,44.21%
1990,Kentucky,KY,,916010,2755670,0.6%,"9,023","7,482","3,183","15,947",,"2,723,189",,
1990,Louisiana,LA,,1396113,3020682,1.4%,"18,599",0,0,"18,599",,"2,959,793",,
1990,Maine,ME,,522181,924839,1.5%,0,0,0,0,,"910,966",,
1990,Maryland,MD,1170867,1111088,3632477,4.5%,"17,848","82,898","11,192","70,489",,"3,398,527",34.45%,32.23%
1990,Massachusetts,MA,2424579,2341990,4660342,5.9%,0,0,0,0,,"4,385,382",55.29%,52.03%
1990,Michigan,MI,2641649,2564563,6872954,2.1%,"34,267",0,0,"34,267",,"6,694,355",39.46%,38.44%
1990,Minnesota,MN,1843104,1806777,3225335,1.7%,"3,176","59,323","1,873","34,711",,"3,135,793",58.78%,57.14%
1990,Mississippi,MS,,368502,1850099,0.5%,"8,375","8,221","3,478","15,964",,"1,824,885",,
1990,Missouri,MO,,1352552,3821136,0.9%,"14,943","42,322","9,196","45,300",,"3,741,446",,
1990,Montana,MT,326652,319336,579158,0.8%,"1,425",0,0,"1,425",,"573,100",57.00%,56.40%
1990,Nebraska,NE,604195,593828,1154859,1.1%,"2,403","14,654",632,"10,362",,"1,131,794",53.38%,52.32%
1990,Nevada,NV,325959,320743,926572,6.1%,"5,322","7,700","2,850","12,022",,"858,029",37.99%,35.18%
1990,New Hampshire,NH,307700,294819,832887,2.0%,"1,342",0,0,"1,342",,"814,887",37.76%,36.94%
1990,New Jersey,NJ,1998894,1938454,5951541,7.4%,"21,128","72,341","23,298","80,597",,"5,430,530",36.81%,33.59%
1990,New Mexico,NM,429509,411236,1076522,3.9%,"3,187","6,294","1,224","7,558",,"1,026,980",41.82%,39.90%
1990,New York,NY,4290261,4056896,13742688,10.0%,"54,895",0,"42,837","97,732",,"12,270,687",34.96%,31.22%
1990,North Carolina,NC,,2069585,5073437,1.3%,"18,411","77,829","9,883","67,209",,"4,940,273",,
1990,North Dakota,ND,240301,233973,465851,0.8%,483,0,0,483,,"461,641",52.05%,51.58%
1990,Ohio,OH,3620469,3477650,8103382,1.2%,"31,822",0,0,"31,822",,"7,974,319",45.40%,44.68%
1990,Oklahoma,OK,929639,911314,2313340,1.5%,"12,285","24,411","3,236","27,727",,"2,250,913",41.30%,40.19%
1990,Oregon,OR,1133125,1112847,2137314,3.4%,"6,492",0,0,"6,492",,"2,058,153",55.06%,53.02%
1990,Pennsylvania,PA,,3052760,9120122,1.5%,"22,290",0,0,"22,290",,"8,961,030",,
1990,Rhode Island,RI,375188,364052,780448,5.8%,"2,392","15,366",321,"10,396",,"724,786",51.77%,48.07%
1990,South Carolina,SC,793614,760965,2598170,0.9%,"17,319","32,287","3,543","37,006",,"2,537,780",31.27%,30.55%
1990,South Dakota,SD,,258976,499072,0.6%,"1,341",0,0,"1,341",,"494,737",,
1990,Tennessee,TN,,790441,3693970,0.8%,"10,388","32,719","11,327","38,075",,"3,626,343",,
1990,Texas,TX,,3892746,12232761,7.2%,"50,042","308,357","109,726","313,947",,"11,038,055",,
1990,Utah,UT,457983,442213,1116922,2.8%,0,0,0,0,,"1,085,648",42.19%,41.00%
1990,Vermont,VT,217384,211422,422130,1.6%,0,0,0,0,,"415,376",52.33%,51.50%
1990,Virginia,VA,,1152854,4715129,3.5%,"17,593","21,303","9,048","37,293",,"4,512,806",,
1990,Washington,WA,1362651,1313217,3634031,4.2%,"7,995","84,817","9,615","60,019",,"3,421,383",39.83%,37.50%
1990,West Virginia,WV,,404305,1358773,0.4%,"1,565","5,059","1,000","5,095",,"1,348,243",,
1990,Wisconsin,WI,,1379727,3617625,1.4%,"7,465","29,370","4,099","26,249",,"3,540,729",,
1990,Wyoming,WY,164309,160109,319255,1.1%,"1,110","2,980",313,"2,913",,"312,830",52.52%,51.47%
1988,United States,,,91594691,181955484,5.1%,"616,785","1,319,935","317,223","1,593,976","2,527,370","173,609,148",,
1988,Alabama,AL,,1378476,2949934,0.6%,"12,610","25,301","4,701","29,962",,"2,902,272",,
1988,Alaska,AK,203433,200116,369260,2.6%,"2,588","2,994",498,"4,583",,"355,076",57.29%,55.09%
1988,Arizona,AZ,1204169,1171873,2609995,5.0%,"12,095","25,446","1,669","26,487",,"2,453,008",49.09%,46.14%
1988,Arkansas,AR,,827738,1717388,0.6%,"5,519","15,931","3,840","17,325",,"1,689,759",,
1988,California,CA,10194539,9887065,21249801,15.9%,"76,171",0,"49,364","125,535",,"17,745,548",57.45%,47.97%
1988,Colorado,CO,1416265,1372394,2396786,2.6%,"5,765",0,"1,743","7,508",,"2,326,962",60.86%,59.09%
1988,Connecticut,CT,1461962,1443394,2525021,4.5%,"8,005","46,086",371,"31,419",,"2,379,976",61.43%,57.90%
1988,Delaware,DE,254973,249891,489696,1.7%,"3,197","9,576","1,093","9,078",,"472,293",53.99%,52.07%
1988,District of Columbia,DC,197135,192877,502362,7.2%,"8,831",0,"3,949","12,780",,"453,412",43.48%,39.24%
1988,Florida,FL,,4302313,9651236,7.8%,"34,732","165,475","2,562","120,032",,"8,778,408",,
1988,Georgia,GA,,1809672,4631342,1.7%,"18,787","121,559","11,308","90,875",,"4,461,734",,
1988,Hawaii,HI,368567,354461,803568,7.6%,"2,300",0,0,"2,300",,"740,197",49.79%,45.87%
1988,Idaho,ID,421213,408968,682522,2.0%,"1,581",0,0,"1,581",,"667,291",63.12%,61.71%
1988,Illinois,IL,4697192,4559120,8410414,5.2%,"21,081",0,0,"21,081",,"7,951,991",59.07%,55.85%
1988,Indiana,IN,2222811,2168621,4045785,0.9%,"11,406",0,0,"11,406",,"3,997,967",55.60%,54.94%
1988,Iowa,IA,1240854,1225614,2052326,0.9%,"3,034","13,099","1,945","11,529",,"2,022,326",61.36%,60.46%
1988,Kansas,KS,,993044,1808604,1.6%,"5,817",0,0,"5,817",,"1,773,849",,
1988,Kentucky,KY,,1322517,2709782,0.6%,"7,119","7,398","3,443","14,261",,"2,679,262",,
1988,Louisiana,LA,,1628202,3005785,1.4%,"16,242",0,"7,387","23,629",,"2,940,075",,
1988,Maine,ME,,555035,901850,1.5%,0,0,0,0,,"888,322",,
1988,Maryland,MD,1747350,1714358,3535730,4.2%,"14,276","78,619","9,225","62,811",,"3,324,418",52.56%,49.42%
1988,Massachusetts,MA,2689857,2632801,4642061,5.5%,0,0,0,0,,"4,386,748",61.32%,57.95%
1988,Michigan,MI,3745751,3669163,6773776,2.0%,"27,612",0,0,"27,612",,"6,610,688",56.66%,55.30%
1988,Minnesota,MN,2125119,2096790,3166668,1.5%,"2,799","56,901","1,639","32,889",,"3,086,279",68.86%,67.11%
1988,Mississippi,MS,,931527,1815826,0.5%,"7,384","6,854","3,177","13,988",,"1,792,759",,
1988,Missouri,MO,,2093713,3769751,0.9%,"12,176","42,728","7,207","40,747",,"3,695,076",,
1988,Montana,MT,378981,365674,573791,0.8%,"1,272",0,0,"1,272",,"567,929",66.73%,66.05%
1988,Nebraska,NE,678669,661465,1144305,0.9%,"2,156","11,411",447,"8,309",,"1,125,697",60.29%,59.31%
1988,Nevada,NV,354261,350067,823940,5.5%,"4,881","7,032","2,100","10,497",,"768,126",46.12%,43.00%
1988,New Hampshire,NH,462503,451074,817358,1.9%,"1,019",0,0,"1,019",,"800,809",57.75%,56.59%
1988,New Jersey,NJ,3102502,3099553,5904776,6.9%,"16,936","57,903","18,463","64,351",,"5,432,995",57.10%,52.54%
1988,New Mexico,NM,535694,521287,1046754,3.6%,"2,825","5,312","1,230","6,711",,"1,002,360",53.44%,51.18%
1988,New York,NY,6636310,6485683,13659215,9.4%,"44,560",0,"33,962","78,522",,"12,296,727",53.97%,48.58%
1988,North Carolina,NC,,2134370,4903045,1.1%,"17,078","67,164","6,191","56,851",,"4,792,261",,
1988,North Dakota,ND,309100,297261,470652,0.7%,466,0,0,466,,"466,891",66.20%,65.67%
1988,Ohio,OH,4505284,4393585,7986220,1.1%,"26,462",0,0,"26,462",,"7,871,910",57.23%,56.41%
1988,Oklahoma,OK,1192815,1171036,2300258,1.3%,"10,448","23,341","1,455","23,574",,"2,246,781",53.09%,51.86%
1988,Oregon,OR,1235199,1201694,2055379,3.1%,"5,991",0,"3,790","9,781",,"1,981,881",62.32%,60.10%
1988,Pennsylvania,PA,,4536251,9037056,1.4%,"17,900",0,0,"17,900",,"8,892,637",,
1988,Rhode Island,RI,415963,404620,771407,5.5%,"1,906","9,824",442,"7,260",,"721,720",57.63%,53.92%
1988,South Carolina,SC,1041846,986009,2504635,0.8%,"13,888","26,260","3,626","30,644",,"2,453,954",42.46%,41.60%
1988,South Dakota,SD,,312991,497633,0.5%,"1,020",0,0,"1,020",,"494,125",,
1988,Tennessee,TN,,1636250,3609081,0.7%,"7,732","28,282","9,529","31,402",,"3,552,415",,
1988,Texas,TX,,5427410,11877787,6.6%,"40,437","288,906","77,827","262,717",,"10,831,136",,
1988,Utah,UT,661546,647008,1069800,2.5%,0,0,0,0,,"1,043,055",63.42%,61.84%
1988,Vermont,VT,270148,243328,411136,1.5%,0,0,0,0,,"404,969",66.71%,65.71%
1988,Virginia,VA,,2191609,4571637,3.2%,"14,184","17,945","6,576","29,733",,"4,395,612",,
1988,Washington,WA,1923043,1865253,3465082,3.9%,"5,816","64,257","10,745","48,690",,"3,281,254",58.61%,55.50%
1988,West Virginia,WV,,653311,1358249,0.4%,"1,455","4,811",807,"4,668",,"1,348,148",,
1988,Wisconsin,WI,,2191608,3558322,1.3%,"6,353","26,305","4,128","23,634",,"3,488,430",,
1988,Wyoming,WY,186417,176551,320695,1.0%,945,"2,186",333,"2,371",,"315,117",59.16%,58.13%
1986,United States,,,64991128,177922330,4.7%,"535,547","1,177,814","242,663","1,367,117","2,216,053","170,408,916",,
1986,Alabama,AL,,1236230,2911819,0.6%,"11,710","21,371","3,038","25,434",,"2,868,914",,
1986,Alaska,AK,182526,180801,364871,2.5%,"2,460","2,885",119,"4,022",,"351,727",51.89%,50.02%
1986,Arizona,AZ,889668,866984,2452624,4.6%,"9,434","20,283","2,034","21,610",,"2,318,193",38.38%,36.27%
1986,Arkansas,AR,,695487,1706578,0.6%,"4,701","12,700","4,023","15,074",,"1,681,265",,
1986,California,CA,7617142,7443551,20222886,14.7%,"59,484",0,"33,172","92,656",,"17,157,466",44.40%,37.67%
1986,Colorado,CO,1096867,1060765,2372880,2.4%,"3,804",0,"1,827","5,631",,"2,310,300",47.48%,46.23%
1986,Connecticut,CT,1025605,993692,2479722,4.3%,"6,905","41,304",603,"28,160",,"2,344,934",43.74%,41.36%
1986,Delaware,DE,165563,160757,470828,1.6%,"2,833","7,985",978,"7,804",,"455,491",36.35%,35.16%
1986,District of Columbia,DC,134158,131802,508553,6.5%,"6,618",0,"2,980","9,598",,"465,899",28.80%,26.38%
1986,Florida,FL,,3429996,9158241,7.3%,"32,237","139,859","3,478","105,645",,"8,384,044",,
1986,Georgia,GA,,1224948,4450093,1.5%,"16,922","109,485","10,421","82,086",,"4,301,256",,
1986,Hawaii,HI,344416,334115,775534,7.5%,"2,180",0,0,"2,180",,"715,189",48.16%,44.41%
1986,Idaho,ID,392909,387426,677205,1.9%,"1,448",0,0,"1,448",,"662,890",59.27%,58.02%
1986,Illinois,IL,3322657,3144185,8343755,4.9%,"19,456",0,0,"19,456",,"7,915,455",41.98%,39.82%
1986,Indiana,IN,1619005,1555505,3990379,0.9%,"10,175",0,0,"10,175",,"3,944,291",41.05%,40.57%
1986,Iowa,IA,922094,910623,2049547,0.9%,"2,777","12,584","1,929","10,998",,"2,020,103",45.65%,44.99%
1986,Kansas,KS,,840605,1788426,1.5%,"5,345",0,0,"5,345",,"1,756,255",,
1986,Kentucky,KY,,677280,2687605,0.5%,"5,288","6,841","3,370","12,079",,"2,662,088",,
1986,Louisiana,LA,,1369897,3069021,1.3%,"14,300",0,0,"14,300",,"3,014,824",,
1986,Maine,ME,,426861,870604,1.4%,0,0,0,0,,"858,416",,
1986,Maryland,MD,1161136,1112637,3401061,3.8%,"13,326","69,134","7,494","55,387",,"3,216,434",36.10%,34.14%
1986,Massachusetts,MA,1777276,1684079,4560556,5.1%,0,0,0,0,,"4,327,968",41.06%,38.97%
1986,Michigan,MI,2468009,2396564,6674856,2.0%,"20,742",0,0,"20,742",,"6,520,617",37.85%,36.97%
1986,Minnesota,MN,1456579,1415989,3089544,1.4%,"2,462","38,901","1,437","23,350",,"3,022,940",48.18%,47.15%
1986,Mississippi,MS,,523563,1804699,0.5%,"6,747","6,458","3,454","13,430",,"1,782,246",,
1986,Missouri,MO,,1477327,3717988,0.8%,"10,309","33,819","5,229","32,448",,"3,655,796",,
1986,Montana,MT,326436,317862,577604,0.8%,"1,111",0,0,"1,111",,"571,872",57.08%,56.52%
1986,Nebraska,NE,577916,564422,1141336,0.9%,"2,044","11,265",304,"7,981",,"1,123,083",51.46%,50.64%
1986,Nevada,NV,264365,261932,747283,5.1%,"4,551","5,518","1,529","8,839",,"700,333",37.75%,35.38%
1986,New Hampshire,NH,257410,250966,775686,1.9%,782,0,0,782,,"760,166",33.86%,33.18%
1986,New Jersey,NJ,1639330,1553544,5819614,6.4%,"12,020","51,359","14,064","51,764",,"5,395,395",30.38%,28.17%
1986,New Mexico,NM,408621,394833,1026160,3.2%,"2,416","4,175","1,147","5,651",,"987,672",41.37%,39.82%
1986,New York,NY,4481718,4293971,13512043,8.7%,"38,449",0,"29,325","67,774",,"12,268,721",36.53%,33.17%
1986,North Carolina,NC,,1591330,4749053,1.0%,"17,698","58,644","3,322","50,342",,"4,651,220",,
1986,North Dakota,ND,295177,289013,477812,0.7%,421,0,0,421,,"474,046",62.27%,61.78%
1986,Ohio,OH,3628870,3121189,7891503,1.1%,"22,463",0,0,"22,463",,"7,782,233",46.63%,45.98%
1986,Oklahoma,OK,934447,909925,2343190,1.3%,"9,708","22,740","1,670","22,748",,"2,289,981",40.81%,39.88%
1986,Oregon,OR,1088140,1059630,1990233,2.8%,"4,770",0,0,"4,770",,"1,929,736",56.39%,54.67%
1986,Pennsylvania,PA,,3388275,8955720,1.3%,"15,201",0,0,"15,201",,"8,824,095",,
1986,Rhode Island,RI,322724,305663,756297,5.2%,"1,358","8,174",453,"5,898",,"711,072",45.39%,42.67%
1986,South Carolina,SC,763493,753751,2437430,0.8%,"11,676","21,110","3,066","25,297",,"2,392,634",31.91%,31.32%
1986,South Dakota,SD,,295830,495833,0.5%,"1,081",0,0,"1,081",,"492,273",,
1986,Tennessee,TN,,1210339,3532177,0.7%,"7,591","26,291","8,600","29,337",,"3,478,115",,
1986,Texas,TX,,3442368,11732625,6.0%,"38,534","290,074","57,509","241,080",,"10,787,588",,
1986,Utah,UT,445499,435111,1049339,2.4%,0,0,0,0,,"1,024,155",43.50%,42.46%
1986,Vermont,VT,211709,196716,396034,1.6%,0,0,0,0,,"389,697",54.33%,53.46%
1986,Virginia,VA,,1233611,4394143,2.9%,"12,930","17,126","5,767","27,260",,"4,239,453",,
1986,Washington,WA,1358160,1337367,3310457,3.6%,"6,603","49,663","7,666","39,101",,"3,152,180",43.09%,41.03%
1986,West Virginia,WV,449249,410131,1380916,0.4%,"1,472","4,241",968,"4,561",,"1,370,831",32.77%,32.53%
1986,Wisconsin,WI,,1526960,3495584,1.2%,"5,736","24,648","3,854","21,914",,"3,431,723",,
1986,Wyoming,WY,168615,164720,334385,1.0%,861,"1,840",337,"2,118",,"328,923",51.26%,50.43%
1984,United States,,,92652680,173994610,4.3%,"454,092","1,012,936","204,686","1,165,246","2,360,867","167,708,463",,
1984,Alabama,AL,,1441713,2867180,0.5%,"10,482","16,338","2,194","20,845",,"2,831,999",,
1984,Alaska,AK,213173,207605,354410,2.3%,"1,967","2,064",147,"3,146",,"343,113",62.13%,60.15%
1984,Arizona,AZ,1051339,1025897,2263826,4.2%,"7,845","16,687","1,660","17,849",,"2,150,896",48.88%,46.44%
1984,Arkansas,AR,,884406,1689480,0.5%,"4,482","8,238","3,463","12,064",,"1,668,969",,
1984,California,CA,9796375,9505423,19270739,13.4%,"43,197",0,"30,645","73,842",,"16,614,618",58.96%,50.84%
1984,Colorado,CO,1343437,1295380,2325829,2.3%,"3,231",0,"1,709","4,940",,"2,267,395",59.25%,57.76%
1984,Connecticut,CT,1490946,1466900,2431057,4.1%,"5,718","46,681",868,"29,927",,"2,301,457",64.78%,61.33%
1984,Delaware,DE,258182,254572,455312,1.5%,"2,202","6,373",830,"6,219",,"442,263",58.38%,56.70%
1984,District of Columbia,DC,219193,211288,505550,5.8%,"4,521",0,0,"4,521",,"471,707",46.47%,43.36%
1984,Florida,FL,,4180051,8656427,6.8%,"26,914","118,318","5,661","91,734",,"7,976,056",,
1984,Georgia,GA,,1776120,4243165,1.3%,"15,404","90,057","7,246","67,679",,"4,120,325",,
1984,Hawaii,HI,349253,335846,750909,7.3%,"1,965",0,0,"1,965",,"694,128",50.32%,46.51%
1984,Idaho,ID,421935,411144,675772,1.7%,"1,253",0,0,"1,253",,"663,031",63.64%,62.44%
1984,Illinois,IL,4969352,4819088,8327065,4.7%,"17,114",0,0,"17,114",,"7,918,579",62.76%,59.68%
1984,Indiana,IN,2268493,2233069,3960870,0.9%,"9,328",0,0,"9,328",,"3,915,894",57.93%,57.27%
1984,Iowa,IA,1339886,1319805,2084995,0.8%,"2,836","11,924","1,662","10,460",,"2,057,855",65.11%,64.26%
1984,Kansas,KS,,1021991,1779487,1.3%,"4,244",0,0,"4,244",,"1,752,110",,
1984,Kentucky,KY,,1369345,2672424,0.5%,"4,820","15,004","3,567","15,889",,"2,643,173",,
1984,Louisiana,LA,,1706822,3072074,1.3%,"13,659",0,0,"13,659",,"3,018,478",,
1984,Maine,ME,,553144,852022,1.4%,0,0,0,0,,"840,094",,
1984,Maryland,MD,1695924,1675873,3278321,3.4%,"13,124","64,827","7,046","52,584",,"3,114,274",54.46%,51.73%
1984,Massachusetts,MA,2595054,2559453,4486676,4.8%,0,0,0,0,,"4,271,316",60.76%,57.84%
1984,Michigan,MI,3884854,3801658,6550877,2.0%,"14,604",0,0,"14,604",,"6,405,255",60.65%,59.30%
1984,Minnesota,MN,2115317,2084449,3039490,1.3%,"2,167","31,440","1,418","19,305",,"2,980,672",70.97%,69.59%
1984,Mississippi,MS,,941104,1787243,0.5%,"6,115","6,570","3,108","12,508",,"1,765,799",,
1984,Missouri,MO,,2122783,3671506,0.8%,"8,770","23,574","4,366","24,923",,"3,617,211",,
1984,Montana,MT,395006,384377,584162,0.7%,964,0,0,964,,"579,109",68.21%,67.62%
1984,Nebraska,NE,670781,652090,1152310,0.9%,"1,665","10,763",361,"7,408",,"1,134,531",59.12%,58.21%
1984,Nevada,NV,294413,286667,697185,4.7%,"3,488","5,226","1,187","7,288",,"657,129",44.80%,42.23%
1984,New Hampshire,NH,406608,388904,732480,1.8%,581,0,0,581,,"718,714",56.57%,55.51%
1984,New Jersey,NJ,3215941,3217862,5699440,5.9%,"10,363","44,208","12,206","44,673",,"5,318,500",60.47%,56.43%
1984,New Mexico,NM,522328,514370,990632,2.9%,"2,129","3,926","1,194","5,286",,"956,618",54.60%,52.73%
1984,New York,NY,7000828,6806810,13373558,8.1%,"33,109",0,"24,212","57,321",,"12,232,979",57.23%,52.35%
1984,North Carolina,NC,,2175361,4598151,0.9%,"16,371","52,600","3,892","46,563",,"4,510,205",,
1984,North Dakota,ND,324179,308971,486449,0.7%,432,0,0,432,,"482,612",67.17%,66.64%
1984,Ohio,OH,4664223,4547619,7836806,1.1%,"18,619",0,0,"18,619",,"7,731,982",60.32%,59.52%
1984,Oklahoma,OK,1290555,1255676,2373014,1.2%,"7,872","18,809","1,880","19,157",,"2,325,381",55.50%,54.38%
1984,Oregon,OR,1265824,1226527,1962501,2.6%,"4,224",0,0,"4,224",,"1,907,252",66.37%,64.50%
1984,Pennsylvania,PA,,4844903,8918353,1.3%,"13,090",0,0,"13,090",,"8,789,324",,
1984,Rhode Island,RI,422851,410492,739064,4.9%,"1,221","7,147",394,"5,189",,"697,661",60.61%,57.21%
1984,South Carolina,SC,1018701,968529,2368236,0.7%,"9,892","17,043","3,441","21,855",,"2,329,803",43.72%,43.02%
1984,South Dakota,SD,,317867,497849,0.5%,921,0,0,921,,"494,439",,
1984,Tennessee,TN,,1711994,3463234,0.6%,"7,307","23,598","6,524","25,630",,"3,416,825",,
1984,Texas,TX,,5397571,11397758,5.4%,"36,682","235,568","40,783","195,249",,"10,587,030",,
1984,Utah,UT,641846,629656,1022083,2.3%,0,0,0,0,,"998,575",64.28%,62.80%
1984,Vermont,VT,235140,234561,387620,1.6%,0,0,0,0,,"381,418",61.65%,60.66%
1984,Virginia,VA,,2146635,4234017,2.6%,"10,839","16,690","5,986","25,170",,"4,098,763",,
1984,Washington,WA,1931546,1883910,3213263,3.4%,"6,821","39,181","5,253","31,665",,"3,072,347",62.87%,60.11%
1984,West Virginia,WV,,735742,1401733,0.4%,"1,579","3,597",724,"4,102",,"1,392,024",,
1984,Wisconsin,WI,,2211689,3468053,1.1%,"4,974","22,426","3,853","20,040",,"3,409,864",,
1984,Wyoming,WY,196153,188968,343957,1.0%,724,"1,708",352,"1,930",,"338,587",57.93%,57.03%
1982,United States,,,67615576,166027633,4.0%,"399,102","789,951","165,559","959,637","1,981,895","160,408,786",,
1982,Alabama,AL,,1128725,2813033,0.5%,"9,233","14,229","2,266","18,614",,"2,780,354",,
1982,Alaska,AK,199458,194885,316787,2.2%,"1,322","1,816",101,"2,331",,"307,487",64.87%,62.96%
1982,Arizona,AZ,742923,726364,2112246,3.8%,"6,069","14,949","1,527","15,071",,"2,016,910",36.83%,35.17%
1982,Arkansas,AR,,789351,1656707,0.5%,"3,922","3,384","3,061","8,675",,"1,639,748",,
1982,California,CA,8064314,7876698,18448245,12.1%,"34,640",0,"18,913","53,553",,"16,162,454",49.90%,43.71%
1982,Colorado,CO,1037774,956021,2248839,2.1%,"3,042",0,"1,202","4,244",,"2,197,369",47.23%,46.15%
1982,Connecticut,CT,1112428,1084156,2369975,4.0%,"5,156","33,061","1,311","22,998",,"2,252,178",49.39%,46.94%
1982,Delaware,DE,195726,190960,441374,1.4%,"2,068","4,626",621,"5,002",,"430,193",45.50%,44.34%
1982,District of Columbia,DC,,117623,500492,5.1%,"4,081",0,0,"4,081",,"470,886",,
1982,Florida,FL,,2688566,8139171,6.3%,"27,830","57,074","5,974","62,341",,"7,564,062",,
1982,Georgia,GA,,1169041,4047788,1.1%,"14,405","78,097","4,897","58,351",,"3,944,911",,
1982,Hawaii,HI,325459,311853,724189,7.1%,"1,461",0,0,"1,461",,"671,311",48.48%,44.94%
1982,Idaho,ID,332237,326522,662251,1.6%,"1,044",0,0,"1,044",,"650,611",51.07%,50.17%
1982,Illinois,IL,3856875,3673681,8284606,4.4%,"14,293",0,0,"14,293",,"7,905,790",48.79%,46.55%
1982,Indiana,IN,1834225,1817287,3921907,0.9%,"8,790",0,0,"8,790",,"3,877,820",47.30%,46.77%
1982,Iowa,IA,1050495,1038229,2094031,0.8%,"2,829","10,625","1,050","9,192",,"2,068,087",50.80%,50.17%
1982,Kansas,KS,,763263,1761238,1.2%,"3,078",0,0,"3,078",,"1,737,025",,
1982,Kentucky,KY,,700322,2642810,0.5%,"4,031","14,516","3,430","14,719",,"2,614,877",,
1982,Louisiana,LA,,,3029834,1.2%,"10,930",0,0,"10,930",,"2,982,546",,
1982,Maine,ME,,460295,828907,1.3%,0,0,0,0,,"818,131",,
1982,Maryland,MD,1190011,1139149,3174995,3.0%,"11,617","52,603","6,024","43,943",,"3,035,802",39.20%,37.48%
1982,Massachusetts,MA,2103780,2050769,4375262,4.4%,0,0,0,0,,"4,182,750",50.30%,48.08%
1982,Michigan,MI,3135928,3040008,6498711,1.9%,"14,913",0,0,"14,913",,"6,360,322",49.30%,48.25%
1982,Minnesota,MN,1834737,1804675,2993256,1.1%,"2,081","24,320","1,479","15,720",,"2,944,610",62.31%,61.30%
1982,Mississippi,MS,,645026,1762406,0.4%,"5,484","6,304","2,914","11,550",,"1,743,806",,
1982,Missouri,MO,,1543521,3615526,0.7%,"7,445","21,637","2,556","20,820",,"3,569,397",,
1982,Montana,MT,328082,321062,574592,0.7%,914,0,0,914,,"569,656",57.59%,57.10%
1982,Nebraska,NE,559422,547902,1145316,0.8%,"1,739","9,964",309,"7,030",,"1,129,123",49.54%,48.84%
1982,Nevada,NV,242578,240394,655823,4.4%,"2,753","4,733","1,065","6,185",,"620,782",39.08%,36.99%
1982,New Hampshire,NH,289057,282588,698424,1.7%,445,0,0,445,,"686,106",42.13%,41.39%
1982,New Jersey,NJ,2286925,2193945,5563627,5.4%,"8,191","38,186","10,514","37,798",,"5,225,393",43.77%,41.10%
1982,New Mexico,NM,417945,407466,949133,2.6%,"1,718","3,854","1,206","4,851",,"919,605",45.45%,44.03%
1982,New York,NY,5437367,5254891,13150573,7.5%,"27,945",0,"21,062","49,007",,"12,115,273",44.88%,41.35%
1982,North Carolina,NC,,1321080,4427095,0.8%,"16,569","44,274","6,910","45,616",,"4,346,062",,
1982,North Dakota,ND,272876,262465,480367,0.7%,322,0,0,322,,"476,682",57.24%,56.81%
1982,Ohio,OH,3551995,3395463,7793022,1.1%,"17,317",0,0,"17,317",,"7,689,982",46.19%,45.58%
1982,Oklahoma,OK,901488,883130,2346265,1.2%,"6,500","14,749","1,858","15,733",,"2,302,377",39.15%,38.42%
1982,Oregon,OR,1063913,1042009,1946116,2.4%,"3,900",0,0,"3,900",,"1,895,509",56.13%,54.67%
1982,Pennsylvania,PA,,3683985,8869173,1.2%,"10,508",0,0,"10,508",,"8,752,235",,
1982,Rhode Island,RI,370928,342779,723060,4.6%,"1,037","6,501",327,"4,615",,"685,184",54.14%,51.30%
1982,South Carolina,SC,688300,671625,2297223,0.7%,"9,137","16,981","3,175","20,803",,"2,260,339",30.45%,29.96%
1982,South Dakota,SD,,278562,492367,0.4%,791,0,0,791,,"489,607",,
1982,Tennessee,TN,,1259785,3393233,0.6%,"7,869","10,101","3,303","16,223",,"3,356,651",,
1982,Texas,TX,,3191091,10910762,4.9%,"36,149","177,270","26,274","151,058",,"10,225,077",,
1982,Utah,UT,537207,530802,984073,2.2%,0,0,0,0,,"962,423",55.82%,54.59%
1982,Vermont,VT,172084,169251,379067,1.6%,0,0,0,0,,"373,002",46.13%,45.40%
1982,Virginia,VA,,1415622,4076585,2.3%,"10,079","14,813","6,487","23,973",,"3,958,851",,
1982,Washington,WA,1404831,1368476,3138109,3.1%,"6,264","60,142","3,047","39,382",,"3,001,446",46.81%,44.77%
1982,West Virginia,WV,,565314,1409116,0.4%,"1,547","2,711",610,"3,513",,"1,399,967",,
1982,Wisconsin,WI,,1580344,3426394,1.0%,"4,714","19,603","3,125","17,641",,"3,374,489",,
1982,Wyoming,WY,172065,168555,349060,0.9%,702,"1,303",244,"1,598",,"344,320",49.97%,49.29%
1980,United States,,,86515221,164445475,3.5%,"324,410","618,471","168,331","801,977","1,803,021","159,690,927",,
1980,Alabama,AL,,1341929,2753078,0.4%,"6,543","10,985","2,547","14,583",,"2,727,483",,
1980,Alaska,AK,162653,158445,277261,2.0%,822,"1,181",93,"1,506",,"270,210",60.20%,58.66%
1980,Arizona,AZ,898183,873945,1968947,3.4%,"4,372","12,584","1,093","11,757",,"1,890,246",47.52%,45.62%
1980,Arkansas,AR,,837582,1624917,0.5%,"2,911","2,400","2,855","6,966",,"1,609,826",,
1980,California,CA,8775459,8587063,17551451,10.8%,"24,569",0,"15,253","39,822",,"15,616,072",56.20%,50.00%
1980,Colorado,CO,1225549,1184415,2118092,2.0%,"2,629",0,927,"3,556",,"2,072,174",59.14%,57.86%
1980,Connecticut,CT,1423403,1406285,2305904,3.8%,"4,308","22,981","1,932","17,731",,"2,200,549",64.68%,61.73%
1980,Delaware,DE,239136,235900,430879,1.3%,"1,474","3,762",619,"3,974",,"421,304",56.76%,55.50%
1980,District of Columbia,DC,178434,175237,496230,4.5%,"3,145",0,0,"3,145",,"470,755",37.90%,35.96%
1980,Florida,FL,,3686930,7575002,5.8%,"20,735","38,906","8,823","49,011",,"7,086,641",,
1980,Georgia,GA,,1596695,3870251,0.9%,"12,178","58,450","3,169","44,572",,"3,790,847",,
1980,Hawaii,HI,318026,303287,695906,6.9%,985,0,0,985,,"646,903",49.16%,45.70%
1980,Idaho,ID,446045,437431,644004,1.5%,817,0,0,817,,"633,527",70.41%,69.26%
1980,Illinois,IL,4868890,4749721,8216218,4.1%,"11,899",0,0,"11,899",,"7,867,454",61.89%,59.26%
1980,Indiana,IN,2275433,2242033,3885473,0.8%,"6,683",0,0,"6,683",,"3,847,706",59.14%,58.56%
1980,Iowa,IA,1314258,1317661,2093321,0.7%,"2,481","8,815",639,"7,528",,"2,071,140",63.46%,62.78%
1980,Kansas,KS,,979795,1726471,1.1%,"2,494",0,0,"2,494",,"1,704,986",,
1980,Kentucky,KY,,1294627,2592185,0.5%,"3,588","12,400","8,120","17,908",,"2,561,316",,
1980,Louisiana,LA,,1548591,2910776,1.1%,"8,889",0,0,"8,889",,"2,869,868",,
1980,Maine,ME,,523011,810240,1.3%,0,0,0,0,,"799,707",,
1980,Maryland,MD,1557709,1540496,3081409,2.7%,"7,731","41,661","6,436","34,998",,"2,963,213",52.57%,50.55%
1980,Massachusetts,MA,2566807,2524298,4281265,4.0%,0,0,0,0,,"4,110,014",62.45%,59.95%
1980,Michigan,MI,3978647,3909725,6514790,1.9%,"15,124",0,0,"15,124",,"6,375,885",62.40%,61.07%
1980,Minnesota,MN,2079451,2051980,2929927,1.0%,"2,001","27,000","1,534","17,035",,"2,883,593",72.11%,70.97%
1980,Mississippi,MS,,892620,1719825,0.4%,"3,902","4,864","2,292","8,626",,"1,704,320",,
1980,Missouri,MO,,2099824,3571609,0.7%,"5,726","17,400","2,395","16,821",,"3,529,787",,
1980,Montana,MT,371976,363952,559165,0.7%,739,0,0,739,,"554,512",67.08%,66.52%
1980,Nebraska,NE,651281,640854,1129653,0.8%,"1,446","7,980",292,"5,728",,"1,114,888",58.42%,57.65%
1980,Nevada,NV,297318,247885,602463,4.0%,"1,839","4,989","1,052","5,386",,"572,978",51.89%,49.35%
1980,New Hampshire,NH,402415,383990,671558,1.6%,326,0,0,326,,"660,487",60.93%,59.92%
1980,New Jersey,NJ,2999879,2975684,5420255,4.9%,"5,884","29,239","8,911","29,415",,"5,125,248",58.53%,55.35%
1980,New Mexico,NM,464848,456971,897946,2.3%,"1,279","2,794",884,"3,560",,"873,733",53.20%,51.77%
1980,New York,NY,6359218,6201959,12932357,6.8%,"21,815",0,"19,652","41,467",,"12,011,490",52.94%,49.17%
1980,North Carolina,NC,,1855833,4272156,0.7%,"15,513","36,467","6,496","40,243",,"4,202,008",,
1980,North Dakota,ND,314525,301545,465447,0.6%,253,0,0,253,,"462,401",68.02%,67.57%
1980,Ohio,OH,4378937,4283603,7732705,1.1%,"13,489",0,0,"13,489",,"7,634,156",57.36%,56.63%
1980,Oklahoma,OK,1172303,1149708,2201257,1.1%,"4,796","14,360","2,232","14,208",,"2,162,835",54.20%,53.26%
1980,Oregon,OR,1209691,1181516,1925651,2.2%,"3,177",0,0,"3,177",,"1,880,110",64.34%,62.82%
1980,Pennsylvania,PA,,4561501,8774885,1.2%,"8,171",0,0,"8,171",,"8,661,415",,
1980,Rhode Island,RI,423349,416072,709692,4.3%,813,"5,501",257,"3,821",,"675,354",62.69%,59.65%
1980,South Carolina,SC,922397,894071,2212354,0.6%,"7,862","20,589","3,124","21,281",,"2,177,799",42.35%,41.69%
1980,South Dakota,SD,,327703,486893,0.4%,635,0,0,635,,"484,310",,
1980,Tennessee,TN,,1617616,3318036,0.5%,"7,022","9,130","3,097","14,684",,"3,286,762",,
1980,Texas,TX,,4541636,10120613,4.3%,"29,892","131,996","17,235","113,125",,"9,572,302",,
1980,Utah,UT,609691,604222,934767,2.1%,0,0,0,0,,"915,137",66.62%,65.22%
1980,Vermont,VT,215500,213299,369147,1.6%,0,0,0,0,,"363,241",59.33%,58.38%
1980,Virginia,VA,,1866032,3927383,2.0%,"8,920","11,463","4,783","19,435",,"3,829,400",,
1980,Washington,WA,1772904,1742394,3037193,2.9%,"4,399","12,527","14,669","25,332",,"2,923,782",60.64%,58.37%
1980,West Virginia,WV,742150,737715,1396595,0.5%,"1,257","2,650",475,"3,057",,"1,386,555",53.52%,53.14%
1980,Wisconsin,WI,,2273221,3371087,1.0%,"3,980","19,088","2,639","16,163",,"3,321,213",,
1980,Wyoming,WY,181004,176713,330784,0.9%,534,940,154,"1,158",,"326,649",55.41%,54.72%
